B.Tag,Time,CoralR,CoralG,CoralB,Notes
B1,Post_Frag,0.32361,0.28206,0.087475,different blue standard 
B10,Post_Frag,0.255,0.37272,0.026821,
B11,Post_Frag,0.44351,0.48418,0.047744,
B12,Post_Frag,0.39961,0.52187,0.028733,minimal tissue
B13,Post_Frag,0.39911,0.30672,0.15585,
B1315,Post_Frag,0.33302,0.19564,0.093091,
B14,Post_Frag,0.45726,0.39645,0.11187,
B15,Post_Frag,0.34244,0.31368,0.060129,
B189,Post_Frag,0.39524,0.22829,0.13022,
B1938,Post_Frag,0.27166,0.28113,0.081922,lots of debris
B2,Post_Frag,0.2748,0.1345,0.20865,different B standard
B20,Post_Frag,0.40641,0.4307,0.11353,no tissue
B21,Post_Frag,0.41699,0.43548,0.045446,
B22,Post_Frag,0.59692,0.61784,0.30118,
B23,Post_Frag,0.51963,0.70451,0.16907,
B233,Post_Frag,0.20135,0.10943,0.12271,debris
B24,Post_Frag,0.56253,0.62213,0.059004,
B25,Post_Frag,0.46201,0.55623,0.001951,
B26,Post_Frag,0.38638,0.52703,0.13369,
B266,Post_Frag,0.16748,0.15461,0.084558,debris
B27,Post_Frag,0.26098,0.2306,0.12135,
B2759,Post_Frag,0.30902,0.1917,0.007296,
B28,Post_Frag,0.27661,0.19887,0.12977,
B29,Post_Frag,0.34096,0.24983,0.18683,
B3,Post_Frag,0.39183,0.29076,0.13804,diff B std
B30,Post_Frag,0.18461,0.23635,0.075312,no tissue
B31,Post_Frag,0.48042,0.38419,0.13775,
B32,Post_Frag,0.41711,0.33929,0.1122,
B33,Post_Frag,0.29403,0.27422,0.063362,
B3366,Post_Frag,0.50229,0.62863,0.19685,
B34,Post_Frag,0.52774,0.42572,0.24092,no tissue
B35,Post_Frag,0.49093,0.40759,0.13473,no tissue
B36,Post_Frag,0.37253,0.31689,0.098869,
B37,Post_Frag,0.46342,0.39263,0.1594,
B38,Post_Frag,0.27912,0.22265,0.13789,
B39,Post_Frag,0.32051,0.20101,0.10674,
B3941,Post_Frag,0.29977,0.2228,0.050472,
B3998,Post_Frag,0.50181,0.59098,0.19065,
B4,Post_Frag,0.35252,0.13073,0.10444,"debris, diff B std"
B40,Post_Frag,0.27555,0.33794,0.052872,
B4037,Post_Frag,0.32595,0.2734,0.02111,
B41,Post_Frag,0.38273,0.38805,0.071447,debris/bad angle
B42,Post_Frag,0.3089,0.23082,0.14651,
B43,Post_Frag,0.25303,0.22643,0.11463,
B44,Post_Frag,0.29439,0.2519,0.10824,
B45,Post_Frag,0.22304,0.28648,0.009889,no tissue
B46,Post_Frag,0.26686,0.2185,0.045907,
B47,Post_Frag,0.41461,0.2798,0.10202,
B48,Post_Frag,0.41232,0.29806,0.15352,
B49,Post_Frag,0.35718,0.2647,0.15521,
B5,Post_Frag,0.26704,0.15868,0.1604,diff B std
B50,Post_Frag,0.344,0.31831,0.088481,
B51,Post_Frag,0.32579,0.23675,0.11673,
B52,Post_Frag,0.36527,0.30189,0.16779,
B53,Post_Frag,0.31905,0.21934,0.17765,
B54,Post_Frag,0.49391,0.34067,0.036087,
B5431,Post_Frag,0.24896,0.20051,0.10021,
B55,Post_Frag,0.34571,0.26253,0.10608,
B56,Post_Frag,0.28289,0.28091,0.0524,
B5628,Post_Frag,0.38282,0.33252,0.054881,
B57,Post_Frag,0.28135,0.2301,0.14046,
B58,Post_Frag,0.31318,0.30152,0.1067,no tissue
B59,Post_Frag,0.27713,0.25976,0.11489,
B60,Post_Frag,0.35334,0.39014,0.034759,no tissue
B616,Post_Frag,0.19127,0.21869,0.088234,
B62,Post_Frag,0.2685,0.23673,0.084399,
B6232,Post_Frag,0.30763,0.29759,0.031323,
B63,Post_Frag,0.46585,0.50162,0.20674,
B6334,Post_Frag,0.49617,0.58865,0.1647,
B64,Post_Frag,0.62642,0.65268,0.27041,
B65,Post_Frag,0.6224,0.56894,0.21662,
B67,Post_Frag,0.53626,0.48355,0.23249,
B6947,Post_Frag,0.44737,0.54788,0.16761,
B7,Post_Frag,0.57223,0.60562,0.23827,
B70,Post_Frag,0.27857,0.52449,0.009752,no tissue
B71,Post_Frag,0.47119,0.5033,0.20332,
B72,Post_Frag,0.45876,0.38623,0.20751,
B73,Post_Frag,0.63803,0.54442,0.24374,
B74,Post_Frag,0.54138,0.42285,0.20792,no tissue
B75,Post_Frag,0.34807,0.48894,0.11739,
B76,Post_Frag,0.3835,0.49794,0.11716,
B77,Post_Frag,0.50665,0.43766,0.27897,
B78,Post_Frag,0.41256,0.40083,0.15976,bad lighting
B79,Post_Frag,0.49127,0.4328,0.23987,
B8,Post_Frag,0.48425,0.54602,0.10493,blurry and bad lighting
B80,Post_Frag,0.3606,0.50913,0.1134,bad lighting
B82,Post_Frag,0.56492,0.6051,0.17461,
B820,Post_Frag,0.38786,0.34968,0.006224,
B83,Post_Frag,0.42513,0.50466,0.13683,
B84,Post_Frag,0.47708,0.35622,0.20237,
B85,Post_Frag,0.43091,0.33312,0.13529,dark
B87,Post_Frag,0.31607,0.46535,0.084254,dark
B88,Post_Frag,0.36587,0.35704,0.19926,
B90,Post_Frag,0.63392,0.59758,0.28635,
B919,Post_Frag,0.32758,0.33711,0.066051,lots of particles 
B92,Post_Frag,0.51357,0.41171,0.20038,
B93,Post_Frag,0.5501,0.43932,0.22801,
B94,Post_Frag,0.44323,0.53282,0.2076,dark
B95,Post_Frag,0.35431,0.33695,0.20181,dark
B9658,Post_Frag,0.35291,0.43535,0.22351,
B97,Post_Frag,0.44492,0.36354,0.17287,
B98,Post_Frag,0.43148,0.52408,0.082551,
B9940,Post_Frag,0.1777,0.23206,0.047744,
G1899,Post_Frag,0.35309,0.49032,0.13151,
G1991,Post_Frag,0.54283,0.63314,0.18347,
G24,Post_Frag,0.39566,0.28253,0.34388,different B std
G25,Post_Frag,0.3269,0.16998,0.39138,diff B std and blurry
G26,Post_Frag,0.22621,0.15443,0.048959,different B std
G27,Post_Frag,0.17875,0.055487,0.16066,different B std
G28,Post_Frag,0.35177,0.28214,0.19656,different B std
G29,Post_Frag,0.38139,0.33859,0.16393,different B std
G30,Post_Frag,0.31784,0.21177,0.18241,different B std
G31,Post_Frag,0.17695,0.095139,0.067325,different B std
G32,Post_Frag,0.39091,0.22106,0.19487,different B std
G33,Post_Frag,0.25668,0.2175,0.15694,different B std
G34,Post_Frag,0.38789,0.33725,0.18133,different B std
G35,Post_Frag,0.34139,0.23023,0.1058,different B std
G37,Post_Frag,0.33511,0.11868,0.07595,different B std
G38,Post_Frag,0.40944,0.17248,-0.04671,different B std
G39,Post_Frag,0.32454,0.25136,0.13868,different B std
G4,Post_Frag,0.32433,0.18475,0.22003,different B std
G40,Post_Frag,0.33847,0.28818,0.26694,different B std
G41,Post_Frag,0.35878,0.24589,0.25224,different B std
G4161,Post_Frag,0.53435,0.65035,0.17516,
G42,Post_Frag,0.33767,0.059077,0.17,
G43,Post_Frag,0.30968,0.11149,0.080633,
G44,Post_Frag,0.37879,0.35421,0.27626,
G45,Post_Frag,0.37051,0.31344,0.19834,
G46,Post_Frag,0.34115,0.71531,0.034183,
G47,Post_Frag,0.2247,-0.01516,0.3946,
G48,Post_Frag,0.32496,0.26308,0.11725,
G49,Post_Frag,0.38987,0.331,0.13636,
G50,Post_Frag,0.37182,0.20518,0.21086,
G51,Post_Frag,0.30692,0.43681,0.075303,
G52,Post_Frag,0.25871,-0.08068,0.61152,
G53,Post_Frag,0.30652,0.16942,0.10653,
G54,Post_Frag,0.44725,0.34059,0.14592,
G55,Post_Frag,0.24048,0.29485,0.064251,
G56,Post_Frag,0.22772,0.20787,0.15772,
G57,Post_Frag,0.42219,0.24689,0.60176,
G58,Post_Frag,0.24794,0.14425,0.015275,
G59,Post_Frag,0.63394,0.48888,0.23756,
G60,Post_Frag,0.46845,0.55006,0.19134,
G6166,Post_Frag,0.6393,0.70579,0.2412,
G618,Post_Frag,0.32854,0.38686,0.18325,
G681,Post_Frag,0.52615,0.65687,0.12496,
G62,Post_Frag,0.4374,0.48009,0.10506,
G63,Post_Frag,0.55261,0.64901,0.21743,
G64,Post_Frag,0.49404,0.54262,0.25218,
G65,Post_Frag,0.56277,0.63409,0.28178,
G6642,Post_Frag,0.62519,0.68693,0.30852,
G67,Post_Frag,0.52562,0.63415,0.16775,
G6775,Post_Frag,0.45112,0.66365,0.17571,
G6961,Post_Frag,0.5059,0.61896,0.17628,particles
G6991,Post_Frag,0.55933,0.71287,0.20887,
G70,Post_Frag,0.53994,0.64982,0.17176,
G71,Post_Frag,0.50063,0.58943,0.23788,
G73,Post_Frag,0.31059,0.35466,0.12144,
G74,Post_Frag,0.53496,0.56768,0.22626,
G7472,Post_Frag,0.58879,0.71512,0.22736,
G75,Post_Frag,0.58093,0.59807,0.24202,
G76,Post_Frag,0.57563,0.67889,0.2259,
G7673,Post_Frag,0.29934,0.36658,0.21793,
G77,Post_Frag,0.53493,0.6129,0.24365,
G78,Post_Frag,0.33335,0.47417,0.11128,
G79,Post_Frag,0.48458,0.51678,0.27471,
G80,Post_Frag,0.52352,0.55982,0.21321,
G8171,Post_Frag,0.52968,0.65236,0.11906,
G8180,Post_Frag,0.56051,0.73311,0.22275,blurry
G82,Post_Frag,0.56575,0.66076,0.24518,
G83,Post_Frag,0.52242,0.58932,0.20546,
G84,Post_Frag,0.36577,0.45091,0.1124,
G85,Post_Frag,0.6139,0.63362,0.34361,
G8677,Post_Frag,0.48506,0.53594,0.20275,
G87,Post_Frag,0.48216,0.53491,0.20716,
G88,Post_Frag,0.61776,0.6745,0.24894,
G8965,Post_Frag,0.54665,0.69495,0.15195,
G90,Post_Frag,0.42991,0.48507,0.11358,
G9116,Post_Frag,0.54342,0.59203,0.23227,
G92,Post_Frag,0.50215,0.55799,0.1952,
G93,Post_Frag,0.53324,0.58143,0.20372,
G94,Post_Frag,0.51344,0.7492,0.16589,bad angle/occluded
G95,Post_Frag,0.54777,0.63879,0.16293,
G9669,Post_Frag,0.24758,0.32414,0.22175,dark skeleton
G97,Post_Frag,0.49655,0.57114,0.16862,
G98,Post_Frag,0.49683,0.66484,0.15218,
G9868,Post_Frag,0.43873,0.57337,0.23466,
G9877,Post_Frag,0.27953,0.44634,0.1146,dark skeleton
O1618,Post_Frag,0.59009,0.74081,0.2403,
O1962,Post_Frag,0.45072,0.59355,0.24797,
O26,Post_Frag,0.37646,0.57595,0.051545,
O27,Post_Frag,0.41958,0.57195,0.17229,
O29,Post_Frag,0.58476,0.65313,0.21338,
O30,Post_Frag,0.30865,0.45045,0.13918,
O31,Post_Frag,0.3107,0.39509,0.19222,
O32,Post_Frag,0.469,0.68571,0.1037,weird angle
O33,Post_Frag,0.2564,0.16506,0.055594,
O34,Post_Frag,0.24638,0.16537,0.10344,
O35,Post_Frag,0.26017,0.14172,0.13934,
O36,Post_Frag,0.30433,0.23098,0.063838,
O37,Post_Frag,0.39194,0.24711,0.16053,
O38,Post_Frag,0.44083,0.42694,0.159,
O39,Post_Frag,0.40646,0.25693,0.1645,
O40,Post_Frag,0.37515,0.21382,0.16341,
O41,Post_Frag,0.37309,0.32386,0.18914,blurry
O42,Post_Frag,0.42914,0.29198,0.12871,
O43,Post_Frag,0.36847,0.30388,0.13828,
O44,Post_Frag,0.52231,0.42473,0.13682,
O45,Post_Frag,0.38706,0.24828,0.15187,
O46,Post_Frag,0.43877,0.28774,0.1428,
O47,Post_Frag,0.3757,0.33112,0.11905,
O48,Post_Frag,0.28013,0.2781,0.16973,
O49,Post_Frag,0.26951,0.19065,0.085501,
O50,Post_Frag,0.44216,0.35804,0.006996,skeleton had pink hue
O51,Post_Frag,0.49647,0.35225,0.10014,
O52,Post_Frag,0.28693,0.29446,0.057988,
O53,Post_Frag,0.29263,0.23098,0.129,
O54,Post_Frag,0.38461,0.31476,0.10286,
O55,Post_Frag,0.29609,0.25226,0.10582,
O56,Post_Frag,0.32465,0.19873,0.097769,
O57,Post_Frag,0.32375,0.3512,0.07386,
O58,Post_Frag,0.31584,0.20422,0.15764,
O59,Post_Frag,0.2933,0.2147,0.14686,
O60,Post_Frag,0.38733,0.20572,0.11188,
O62,Post_Frag,0.54424,0.37062,0.028245,
O63,Post_Frag,0.48305,0.41687,0.12526,
O64,Post_Frag,0.35951,0.29401,0.054459,
O646,Post_Frag,0.55171,0.6347,0.2095,
O65,Post_Frag,0.44552,0.35978,0.11008,green algae
O6566,Post_Frag,0.38696,0.58121,0.09373,
O6661,Post_Frag,0.5497,0.5095,0.286,
O67,Post_Frag,0.34264,0.40431,0.13944,green algae
O6719,Post_Frag,0.48528,0.64025,0.28057,
O6968,Post_Frag,0.59595,0.62298,0.30779,weird angle
O70,Post_Frag,0.36013,0.2366,0.17172,
O7096,Post_Frag,0.34998,0.5123,0.19584,
O71,Post_Frag,0.40767,0.3803,0.12709,
O72,Post_Frag,0.32839,0.24171,0.12075,
O73,Post_Frag,0.29478,0.22595,0.074696,
O7398,Post_Frag,0.46669,0.5557,0.39625,
O74,Post_Frag,0.43811,0.29274,-0.00406,
O75,Post_Frag,0.27783,0.19536,0.052024,
O76,Post_Frag,0.52408,0.35035,0.051988,
O7681,Post_Frag,0.40094,0.5611,-0.0124,
O77,Post_Frag,0.20291,0.43047,-0.04336,green algae
O78,Post_Frag,0.48835,0.68452,-0.0015,
O79,Post_Frag,0.43987,0.65649,0.10501,
O80,Post_Frag,0.33557,0.45873,0.20866,green algae
O82,Post_Frag,0.52164,0.64225,0.12253,
O83,Post_Frag,0.22782,0.54785,-0.10214,green algae
O84,Post_Frag,0.59679,0.68748,0.13723,
O85,Post_Frag,0.49511,0.64617,0.14677,
O87,Post_Frag,0.49899,0.65172,0.22352,
O88,Post_Frag,0.33872,0.46835,0.25645,
O89,Post_Frag,0.40183,0.5951,0.074925,
O90,Post_Frag,0.68334,0.71286,0.14846,
O916,Post_Frag,0.41571,0.60526,0.1048,
O9174,Post_Frag,0.62558,0.69715,0.25856,
O92,Post_Frag,0.48805,0.61127,0.30825,weird angle
O93,Post_Frag,0.52762,0.61013,0.38032,
O94,Post_Frag,0.47013,0.49358,0.28359,
O95,Post_Frag,0.5317,0.71265,0.15154,
O9659,Post_Frag,0.56909,0.6931,0.23998,
O97,Post_Frag,0.457,0.62447,0.13476,
O98,Post_Frag,0.48746,0.58331,0.25161,green/yellow in center... algae?
O986,Post_Frag,0.45174,0.60339,0.22681,
O9975,Post_Frag,0.41698,0.44579,0.1122,
W1,Post_Frag,0.60067,0.61383,0.29595,
W10,Post_Frag,0.43558,0.47482,0.17059,
W11,Post_Frag,0.5101,0.4823,0.18154,
W12,Post_Frag,0.22095,0.33391,0.010834,
W13,Post_Frag,0.30135,0.39879,0.13483,blurry photo
W14,Post_Frag,0.36685,0.48338,0.081043,
W15,Post_Frag,0.43973,0.3701,0.11161,
W17,Post_Frag,0.27885,0.22902,0.10335,weird angle
W2,Post_Frag,0.59503,0.62651,0.34424,
W20,Post_Frag,0.36381,0.28833,0.11008,
W21,Post_Frag,0.42007,0.29893,0.083118,
W22,Post_Frag,0.45399,0.23131,0.13311,
W23,Post_Frag,0.49321,0.48257,0.13416,
W24,Post_Frag,0.36041,0.29684,0.04564,
W25,Post_Frag,0.38381,0.25344,0.11127,
W26,Post_Frag,0.42761,0.20152,0.15285,
W27,Post_Frag,0.34238,0.25807,0.052775,
W28,Post_Frag,0.34853,0.25313,0.073974,
W29,Post_Frag,0.41866,0.23424,0.062331,
W3,Post_Frag,0.46962,0.496,0.11662,
W30,Post_Frag,0.43356,0.33826,0.14643,"something was obstructing the center... could've been algae, but it wasn't green"
W31,Post_Frag,0.32032,0.22674,0.14639,
W32,Post_Frag,0.46069,0.43203,0.12053,bubbles 
W33,Post_Frag,0.2924,0.20797,0.11663,
W34,Post_Frag,0.35622,0.28522,0.14526,
W35,Post_Frag,0.36182,0.25916,0.066036,
W36,Post_Frag,0.37337,0.26684,0.065794,
W37,Post_Frag,0.42481,0.26279,0.123,
W38,Post_Frag,0.37946,0.30124,0.060652,
W39,Post_Frag,0.38717,0.28332,0.12255,
W4,Post_Frag,0.63513,0.54996,0.3012,
W40,Post_Frag,0.41361,0.27294,0.20337,
W41,Post_Frag,0.32614,0.27333,0.084695,
W42,Post_Frag,0.23719,0.24445,0.10189,
W43,Post_Frag,0.34732,0.35382,0.096832,
W44,Post_Frag,0.4502,0.32804,0.074371,
W45,Post_Frag,0.40224,0.34303,0.076204,
W46,Post_Frag,0.33407,0.26132,0.13296,
W47,Post_Frag,0.37262,0.26082,0.087613,
W48,Post_Frag,0.44645,0.38582,0.074995,
W49,Post_Frag,0.45711,0.3541,0.12535,
W5,Post_Frag,0.55248,0.44972,0.2454,
W50,Post_Frag,0.36491,0.21365,0.085835,
W51,Post_Frag,0.37594,0.2912,0.12352,
W52,Post_Frag,0.373,0.36054,0.047754,
W53,Post_Frag,0.42434,0.40652,0.07676,
W54,Post_Frag,0.35798,0.23248,0.15833,
W55,Post_Frag,0.35046,0.26907,0.13336,obstruction... algae?
W56,Post_Frag,0.42814,0.27195,0.11222,green algae
W57,Post_Frag,0.43708,0.25476,0.15576,
W58,Post_Frag,0.52717,0.60294,0.17124,weird angle
W59,Post_Frag,0.51858,0.62529,0.24592,
W60,Post_Frag,0.40076,0.50066,0.21346,
W62,Post_Frag,0.53548,0.58836,0.028265,bubbles
W63,Post_Frag,0.58781,0.63169,0.12415,bubbles
W64,Post_Frag,0.49461,0.64893,0.18708,
W65,Post_Frag,0.45792,0.58575,0.17538,
W67,Post_Frag,0.54134,0.67015,0.30206,
W7,Post_Frag,0.33033,0.34692,0.13118,dark skeleton
W70,Post_Frag,0.59084,0.62931,0.055747,
W71,Post_Frag,0.55035,0.65853,0.25247,bubbles
W72,Post_Frag,0.58524,0.67011,0.24079,
W73,Post_Frag,0.50984,0.61725,0.27911,weird angle
W74,Post_Frag,0.47343,0.55181,0.25807,
W75,Post_Frag,0.47951,0.53687,0.12349,
W76,Post_Frag,0.69141,0.67705,0.28909,bubbles
W77,Post_Frag,0.53219,0.55827,0.26334,
W78,Post_Frag,0.52964,0.61331,0.28119,
W79,Post_Frag,0.46182,0.54221,0.25295,
W8,Post_Frag,0.41179,0.52752,0.13803,dark skeleton
W80,Post_Frag,0.41094,0.46626,0.10507,
W82,Post_Frag,0.63701,0.65227,0.25153,bubbles
W83,Post_Frag,0.56268,0.66105,0.21443,
W84,Post_Frag,0.58248,0.74162,0.32191,
W85,Post_Frag,0.4701,0.63323,0.1117,
W87,Post_Frag,0.59483,0.56962,0.2,
W90,Post_Frag,0.45623,0.57444,0.019186,
W92,Post_Frag,0.50154,0.56132,0.30805,
W93,Post_Frag,0.45283,0.58466,0.2221,
W94,Post_Frag,0.48336,0.5198,0.23452,bubbles
W95,Post_Frag,0.48315,0.53687,0.12008,
W97,Post_Frag,0.5802,0.61162,0.1866,bubbles
W98,Post_Frag,0.46025,0.55989,0.16233,
Y1,Post_Frag,0.55066,0.67238,0.30696,
Y10,Post_Frag,0.62159,0.63938,0.23046,
Y11,Post_Frag,0.52021,0.60945,0.16533,
Y113,Post_Frag,0.59327,0.56534,0.33116,
Y12,Post_Frag,0.2873,0.16314,0.1151,
Y128,Post_Frag,0.41646,0.54744,0.1291,weird angle
Y13,Post_Frag,0.38928,0.34141,0.066273,
Y137,Post_Frag,0.26683,0.49343,0.029438,green algae
Y14,Post_Frag,0.38543,0.20569,0.077956,
Y15,Post_Frag,0.33076,0.21515,0.08864,bubbles
Y156,Post_Frag,0.55186,0.65062,0.2535,
Y164,Post_Frag,0.33012,0.48052,0.1333,
Y17,Post_Frag,0.37475,0.18591,0.13457,
Y1819,Post_Frag,0.43919,0.60899,0.001387,
Y2,Post_Frag,0.60641,0.55436,0.29743,
Y20,Post_Frag,0.26693,0.15709,0.11219,
Y21,Post_Frag,0.34129,0.28312,0.14453,bubbles
Y210,Post_Frag,0.36606,0.53164,0.25047,
Y2129,Post_Frag,0.39993,0.54778,0.20036,weird angle
Y22,Post_Frag,0.25878,0.19265,0.090243,
Y2223,Post_Frag,0.46506,0.62711,0.16346,weird angle
Y23,Post_Frag,0.33043,0.29943,0.11794,weird angle
Y24,Post_Frag,0.48108,0.30329,0.18866,
Y2437,Post_Frag,0.38861,0.5821,0.13232,blurry
Y25,Post_Frag,0.33749,0.2409,0.11053,
Y26,Post_Frag,0.32248,0.27285,0.16245,
Y27,Post_Frag,0.31808,0.23074,0.099134,
Y28,Post_Frag,0.2732,0.19477,0.12788,
Y2820,Post_Frag,0.57127,0.63006,0.19858,
Y29,Post_Frag,0.49652,0.36229,0.11076,
Y3,Post_Frag,0.64975,0.57971,0.21032,
Y30,Post_Frag,0.30505,0.2196,0.15031,
Y31,Post_Frag,0.35247,0.28544,0.11426,
Y3130,Post_Frag,0.54569,0.6406,0.0383,
Y32,Post_Frag,0.28086,0.19493,0.11239,
Y3225,Post_Frag,0.41339,0.54101,0.18246,
Y33,Post_Frag,0.45352,0.25307,0.16291,
Y34,Post_Frag,0.27598,0.16856,0.12888,
Y3433,Post_Frag,0.37077,0.56246,0.12527,
Y35,Post_Frag,0.34303,0.24057,0.13672,
Y36,Post_Frag,0.39086,0.36456,0.046914,
Y3635,Post_Frag,0.51473,0.6425,0.098476,
Y37,Post_Frag,0.3919,0.24826,0.10591,
Y38,Post_Frag,0.46178,0.29985,0.11644,
Y39,Post_Frag,0.40724,0.28657,0.14947,
Y4,Post_Frag,0.57833,0.68221,0.15614,weird angle
Y40,Post_Frag,0.36765,0.24649,0.11887,
Y41,Post_Frag,0.25257,0.19243,0.11032,
Y4156,Post_Frag,0.44277,0.37919,0.054353,
Y42,Post_Frag,0.25439,0.14755,0.10618,
Y43,Post_Frag,0.30937,0.18072,0.14502,
Y4350,Post_Frag,0.47919,0.64496,0.1239,
Y44,Post_Frag,0.38532,0.36871,-0.02899,
Y4451,Post_Frag,0.37931,0.5276,0.13908,
Y45,Post_Frag,0.41554,0.37962,0.11063,weird angle
Y4542,Post_Frag,0.44123,0.55753,0.20386,
Y46,Post_Frag,0.32404,0.33811,0.12085,
Y47,Post_Frag,0.428,0.29756,0.11645,
Y4738,Post_Frag,0.2791,0.27714,0.10965,
Y48,Post_Frag,0.34007,0.18833,0.12121,
Y4839,Post_Frag,0.50024,0.61865,0.058308,
Y49,Post_Frag,0.31909,0.24686,0.094228,
Y4940,Post_Frag,0.23331,0.21795,0.097187,
Y5,Post_Frag,0.5097,0.62497,0.22052,blurry
Y50,Post_Frag,0.22688,0.13817,0.10186,
Y51,Post_Frag,0.36649,0.34297,0.10542,
Y517,Post_Frag,0.33363,0.43181,0.098742,
Y52,Post_Frag,0.27066,0.12205,0.11436,
Y5281,Post_Frag,0.21086,0.21829,0.086571,
Y53,Post_Frag,0.33041,0.17702,0.12171,
Y5354,Post_Frag,0.45748,0.61729,0.003956,
Y54,Post_Frag,0.35382,0.28643,0.052866,
Y55,Post_Frag,0.42536,0.5091,0.13154,
Y56,Post_Frag,0.31395,0.4375,0.038041,weird angle
Y57,Post_Frag,0.43119,0.39367,0.19844,
Y5755,Post_Frag,0.41039,0.21601,0.016119,
Y58,Post_Frag,0.45335,0.55344,0.18052,
Y59,Post_Frag,0.68402,0.71322,0.25113,
Y60,Post_Frag,0.37883,0.47203,0.12231,
Y615,Post_Frag,0.2058,0.2127,0.011857,
Y6172,Post_Frag,0.24896,0.22534,0.067253,
Y62,Post_Frag,0.41029,0.44202,0.10428,
Y63,Post_Frag,0.62102,0.564,0.27085,
Y6359,Post_Frag,0.29441,0.17394,0.078865,
Y64,Post_Frag,0.55982,0.64383,0.28013,
Y65,Post_Frag,0.70353,0.77858,0.27831,
Y6599,Post_Frag,0.14198,0.16202,0.041676,dark skeleton
Y6688,Post_Frag,0.2224,0.21878,0.15425,
Y67,Post_Frag,0.45933,0.4964,0.15292,
Y6758,Post_Frag,0.14836,0.13821,0.064352,dark skeleton
Y6806,Post_Frag,0.37378,0.29322,0.049864,pink skeleton
Y6908,Post_Frag,0.41946,0.28212,0.014547,
Y7,Post_Frag,0.38226,0.34673,0.045502,
Y70,Post_Frag,0.61547,0.4018,0.2277,pink skeleton
Y7071,Post_Frag,0.42856,0.47177,0.16175,blurry
Y71,Post_Frag,0.24268,0.37942,0.086766,
Y72,Post_Frag,0.28384,0.40848,0.034738,
Y73,Post_Frag,0.6277,0.75287,0.17371,
Y7364,Post_Frag,0.17732,0.16636,0.075919,dark skeleton
Y74,Post_Frag,0.49492,0.53566,0.22013,
Y7409,Post_Frag,0.23551,0.23941,0.044733,
Y75,Post_Frag,0.62443,0.64709,0.23015,
Y76,Post_Frag,0.51238,0.63128,0.1344,
Y7679,Post_Frag,0.22501,0.23588,0.040985,
Y77,Post_Frag,0.23476,0.37313,0.082046,
Y78,Post_Frag,0.47375,0.55189,0.21842,
Y79,Post_Frag,0.36109,0.33064,0.053352,
Y8,Post_Frag,0.5609,0.59905,0.24718,
Y80,Post_Frag,0.54244,0.47169,0.25588,pink skeleton
Y82,Post_Frag,0.39005,0.58036,0.087565,
Y8291,Post_Frag,0.22773,0.18309,0.081567,
Y83,Post_Frag,0.42311,0.50841,0.16364,
Y84,Post_Frag,0.37035,0.52451,0.10919,
Y8483,Post_Frag,0.2897,0.44112,0.030045,
Y85,Post_Frag,0.49301,0.42515,0.18976,
Y87,Post_Frag,0.65986,0.4715,0.35738,pink skeleton
Y8794,Post_Frag,0.55507,0.42507,0.16636,
Y88,Post_Frag,0.53083,0.58179,0.083673,
Y8975,Post_Frag,0.33319,0.25777,0.04063,
Y90,Post_Frag,0.4492,0.44827,0.15626,
Y914,Post_Frag,0.47475,0.6667,-0.01878,
Y92,Post_Frag,0.42705,0.46155,0.19635,
Y9278,Post_Frag,0.22622,0.1396,0.095984,dark skeleton
Y93,Post_Frag,0.36918,0.48564,0.20916,
Y9398,Post_Frag,0.3974,0.31134,0.072091,
Y94,Post_Frag,0.62684,0.62854,0.13565,
Y95,Post_Frag,0.34506,0.45928,0.12125,
Y9597,Post_Frag,0.20635,0.26849,0.063498,
Y97,Post_Frag,0.33089,0.4294,0.14457,
Y9885,Post_Frag,0.27518,0.18411,0.074793,
B1,Pre_Treat,0.44335,0.4676,-0.061,
B10,Pre_Treat,0.3677,0.59003,0.089777,
B11,Pre_Treat,0.58294,0.71798,0.29419,
B12,Pre_Treat,0.55034,0.64858,0.27767,
B13,Pre_Treat,0.35877,0.30644,-0.09729,
B14,Pre_Treat,0.44589,0.42751,-0.03053,
B15,Pre_Treat,0.40593,0.44497,0.007912,
B2,Pre_Treat,0.4353,0.45163,0.008953,
B20,Pre_Treat,0.44555,0.55223,-0.02533,
B21,Pre_Treat,0.41285,0.38594,0.002722,
B22,Pre_Treat,0.49901,0.59913,0.22527,
B23,Pre_Treat,0.52828,0.69852,0.19197,
B24,Pre_Treat,0.52877,0.71258,0.089588,
B25,Pre_Treat,0.50723,0.64491,0.21007,
B26,Pre_Treat,0.37194,0.56376,0.057097,
B27,Pre_Treat,0.29448,0.29663,-0.00776,
B28,Pre_Treat,0.42035,0.41069,0.001886,
B29,Pre_Treat,0.3782,0.31396,-0.01945,
B3,Pre_Treat,0.45901,0.4745,-0.02703,
B30,Pre_Treat,0.31117,0.368,-0.05757,
B31,Pre_Treat,0.40576,0.41732,0.02462,
B32,Pre_Treat,0.36393,0.29967,-0.03451,
B33,Pre_Treat,0.40305,0.44129,-0.09275,
B34,Pre_Treat,0.44739,0.43279,-0.01095,
B35,Pre_Treat,0.38592,0.46138,-0.05912,no tissue extension
B36,Pre_Treat,0.3461,0.38679,-0.02798,
B37,Pre_Treat,0.42721,0.44122,-0.02296,
B38,Pre_Treat,0.28515,0.22741,0.010571,
B39,Pre_Treat,0.36966,0.37433,-0.01396,
B4,Pre_Treat,0.46046,0.44205,0.074447,
B40,Pre_Treat,0.45221,0.53249,-0.00897,
B41,Pre_Treat,0.44933,0.50721,0.01802,
B42,Pre_Treat,0.38405,0.42871,-0.01467,
B43,Pre_Treat,0.34087,0.3394,0.051205,
B44,Pre_Treat,0.35102,0.35689,-0.05734,
B45,Pre_Treat,0.28465,0.32361,-0.10025,
B46,Pre_Treat,0.47582,0.47823,0.11451,
B47,Pre_Treat,0.3787,0.3288,0.042126,
B48,Pre_Treat,0.31424,0.30967,-0.05715,
B49,Pre_Treat,0.33684,0.29086,0.050063,
B5,Pre_Treat,0.3819,0.36816,-0.00175,
B50,Pre_Treat,0.4227,0.39236,0.040758,
B51,Pre_Treat,0.31535,0.3234,-0.01415,
B52,Pre_Treat,0.40074,0.41345,-0.08236,
B53,Pre_Treat,0.34818,0.35193,-0.01831,
B54,Pre_Treat,0.50549,0.56931,-0.0813,
B55,Pre_Treat,0.40442,0.40079,0.01359,
B56,Pre_Treat,0.39723,0.47582,-0.08705,
B57,Pre_Treat,0.2759,0.32244,-0.03873,
B58,Pre_Treat,0.36705,0.38778,-0.02842,
B59,Pre_Treat,0.37062,0.39787,0.0327,
B60,Pre_Treat,0.40038,0.41418,0.00572,
B62,Pre_Treat,0.39701,0.39895,0.034656,
B63,Pre_Treat,0.57675,0.55547,0.27127,
B64,Pre_Treat,0.54999,0.57242,0.032283,
B65,Pre_Treat,0.59002,0.61279,0.28614,
B67,Pre_Treat,0.44496,0.50217,0.10856,
B7,Pre_Treat,0.37933,0.56863,0.077411,
B70,Pre_Treat,0.52398,0.67873,0.27209,
B71,Pre_Treat,0.45004,0.51297,0.1523,
B72,Pre_Treat,0.47201,0.41663,0.16199,
B73,Pre_Treat,0.53353,0.53396,0.27457,minimal tissue
B74,Pre_Treat,0.52698,0.53354,0.23433,
B75,Pre_Treat,0.4185,0.64805,0.13192,
B76,Pre_Treat,0.48804,0.61981,0.19197,
B77,Pre_Treat,0.4272,0.4418,0.14803,
B78,Pre_Treat,0.45331,0.55581,0.12525,
B79,Pre_Treat,0.50856,0.56392,0.21365,
B8,Pre_Treat,0.5021,0.57518,-0.01739,
B80,Pre_Treat,0.50773,0.70887,0.13579,
B82,Pre_Treat,0.51732,0.61309,0.051772,
B83,Pre_Treat,0.46016,0.53865,0.10059,
B84,Pre_Treat,0.35425,0.44696,0.006227,no tissue
B85,Pre_Treat,0.5132,0.54557,0.14551,
B87,Pre_Treat,0.47407,0.71585,0.10358,
B88,Pre_Treat,0.28433,0.3458,-0.01744,
B90,Pre_Treat,0.50297,0.55551,0.097341,
B92,Pre_Treat,0.43006,0.51833,0.027573,
B93,Pre_Treat,0.60009,0.6791,0.16579,
B94,Pre_Treat,0.55202,0.65833,0.30683,
B95,Pre_Treat,0.48362,0.59564,0.24739,
B97,Pre_Treat,0.52793,0.6507,0.095074,
B98,Pre_Treat,0.50097,0.68657,0.10539,
G24,Pre_Treat,0.42903,0.40001,0.074285,
G25,Pre_Treat,0.44959,0.45608,-0.00157,
G26,Pre_Treat,0.37774,0.30423,0.035687,
G27,Pre_Treat,0.27493,0.19383,0.080037,
G28,Pre_Treat,0.43827,0.42514,0.009406,
G29,Pre_Treat,0.47991,0.46633,0.020849,
G30,Pre_Treat,0.3531,0.32241,-0.06819,
G31,Pre_Treat,0.33646,0.35372,0.060918,
G32,Pre_Treat,0.46521,0.46164,0.019848,
G33,Pre_Treat,0.44371,0.48877,0.046394,
G34,Pre_Treat,0.44639,0.54477,-0.09597,
G35,Pre_Treat,0.44806,0.47602,0.023225,
G37,Pre_Treat,0.44271,0.383,0.088538,
G38,Pre_Treat,0.44744,0.469,0.040929,
G39,Pre_Treat,0.365,0.4137,-0.03064,
G4,Pre_Treat,0.41525,0.39868,0.050515,
G40,Pre_Treat,0.4043,0.47149,-0.05645,
G41,Pre_Treat,0.43835,0.53382,-0.0144,
G42,Pre_Treat,0.45313,0.36823,0.021195,
G43,Pre_Treat,0.33128,0.30207,0.001601,
G44,Pre_Treat,0.33439,0.29543,0.010768,
G45,Pre_Treat,0.42197,0.40253,0.034128,
G46,Pre_Treat,0.51179,0.59617,-0.0184,
G47,Pre_Treat,0.42028,0.37867,0.14446,
G48,Pre_Treat,0.31885,0.35069,-0.04309,
G49,Pre_Treat,0.31797,0.34424,-0.00466,
G50,Pre_Treat,0.33673,0.36337,0.018893,
G51,Pre_Treat,0.44137,0.56864,-0.08882,
G52,Pre_Treat,0.43578,0.45587,-0.03458,
G53,Pre_Treat,0.37129,0.40298,-0.02383,
G54,Pre_Treat,0.30058,0.31236,0.004707,
G55,Pre_Treat,0.36778,0.378,0.027572,
G56,Pre_Treat,0.36401,0.3809,0.007698,
G57,Pre_Treat,0.48907,0.47879,0.011018,
G58,Pre_Treat,0.27658,0.28402,0.002489,
G59,Pre_Treat,0.49302,0.53818,-0.01061,
G60,Pre_Treat,0.52364,0.65723,0.2724,
G62,Pre_Treat,0.29568,0.46353,0.011574,
G63,Pre_Treat,0.56376,0.68773,0.30704,
G64,Pre_Treat,0.60732,0.59299,0.38545,
G65,Pre_Treat,0.52436,0.60991,0.26347,
G67,Pre_Treat,0.57866,0.65878,0.25596,
G70,Pre_Treat,0.5514,0.66734,0.24749,
G71,Pre_Treat,0.46127,0.58536,0.27626,
G73,Pre_Treat,0.49866,0.52525,0.41176,
G74,Pre_Treat,0.50652,0.60409,0.22963,
G75,Pre_Treat,0.57008,0.67252,0.26235,
G76,Pre_Treat,0.54829,0.6673,0.32569,
G77,Pre_Treat,0.51453,0.62629,0.23777,
G78,Pre_Treat,0.66199,0.79421,0.36543,
G79,Pre_Treat,0.51893,0.65869,0.2989,
G80,Pre_Treat,0.70415,0.7478,0.52968,
G82,Pre_Treat,0.64741,0.71361,0.34111,
G83,Pre_Treat,0.7262,0.79073,0.46441,
G84,Pre_Treat,0.52489,0.61063,0.30723,
G85,Pre_Treat,0.59514,0.66511,0.33333,
G87,Pre_Treat,0.56758,0.66941,0.25378,
G88,Pre_Treat,0.59363,0.72024,0.34802,
G90,Pre_Treat,0.57555,0.6646,0.25681,
G92,Pre_Treat,0.57115,0.69073,0.31479,
G93,Pre_Treat,0.40193,0.50994,0.19287,
G94,Pre_Treat,0.37181,0.62969,0.03184,
G95,Pre_Treat,0.65597,0.73177,0.31778,
G97,Pre_Treat,0.58108,0.67511,0.30821,
G98,Pre_Treat,0.67788,0.91746,0.48282,
O26,Pre_Treat,0.43609,0.64783,-0.01212,
O27,Pre_Treat,0.53559,0.65581,0.18332,
O29,Pre_Treat,0.60046,0.69643,0.14546,
O30,Pre_Treat,0.50776,0.67028,0.16487,
O31,Pre_Treat,0.39395,0.55443,0.101,
O32,Pre_Treat,0.52443,0.73717,0.29304,
O7096,Pre_Treat,0.40455,0.57289,0.15488,
O7398,Pre_Treat,0.4631,0.58634,0.10348,
O7681,Pre_Treat,0.52955,0.67709,0.076348,
O9174,Pre_Treat,0.56002,0.66626,0.14794,
O9975,Pre_Treat,0.34483,0.4132,-0.06602,
W1,Pre_Treat,0.5925,0.72342,-0.04391,
W10,Pre_Treat,0.5235,0.51837,0.089416,
W11,Pre_Treat,0.4036,0.43019,-0.09219,
W12,Pre_Treat,0.31824,0.46855,-0.02886,
W13,Pre_Treat,0.45527,0.69189,0.040789,
W14,Pre_Treat,0.57877,0.68264,0.078733,
W15,Pre_Treat,0.38055,0.30132,-0.02486,
W17,Pre_Treat,0.42359,0.42431,0.014225,
W2,Pre_Treat,0.50164,0.62471,0.076737,
W20,Pre_Treat,0.3969,0.39447,0.036516,
W21,Pre_Treat,0.48522,0.49245,-0.03182,
W22,Pre_Treat,0.42249,0.34346,0.038857,
W23,Pre_Treat,0.48303,0.5134,0.019121,
W24,Pre_Treat,0.50636,0.52934,0.028518,
W25,Pre_Treat,0.43829,0.38546,0.024953,
W26,Pre_Treat,0.44119,0.38908,0.009096,
W27,Pre_Treat,0.44788,0.43918,0.030114,
W28,Pre_Treat,0.4314,0.40761,0.057359,
W29,Pre_Treat,0.4557,0.40492,-0.06126,
W30,Pre_Treat,0.50186,0.46794,0.049591,
W31,Pre_Treat,0.46253,0.44374,0.049532,
W32,Pre_Treat,0.47499,0.46192,-0.01062,
W33,Pre_Treat,0.45683,0.50413,0.040191,
W34,Pre_Treat,0.57499,0.45639,0.26395,
W35,Pre_Treat,0.41759,0.32686,-0.01543,
W36,Pre_Treat,0.46801,0.4395,-0.00028,
W37,Pre_Treat,0.42183,0.40417,0.02598,
W38,Pre_Treat,0.42674,0.38445,0.004779,
W39,Pre_Treat,0.34312,0.29497,0.083218,
W40,Pre_Treat,0.4759,0.44749,0.015119,
W41,Pre_Treat,0.45572,0.4687,0.061879,
W42,Pre_Treat,0.38209,0.40744,0.022172,
W43,Pre_Treat,0.42342,0.46135,0.026607,
W44,Pre_Treat,0.56582,0.55375,0.09163,
W45,Pre_Treat,0.49692,0.52182,0.026824,
W46,Pre_Treat,0.36543,0.47799,0.013817,
W47,Pre_Treat,0.49362,0.54715,-0.01601,
W48,Pre_Treat,0.4877,0.58604,0.007399,
W49,Pre_Treat,0.48285,0.47138,-0.01661,
W50,Pre_Treat,0.40989,0.49359,-0.04656,
W51,Pre_Treat,0.44157,0.44206,0.011325,
W52,Pre_Treat,0.32621,0.33551,-0.08022,
W53,Pre_Treat,0.39433,0.44614,-0.05655,
W54,Pre_Treat,0.42583,0.43869,-0.01078,
W55,Pre_Treat,0.39889,0.43825,0.019853,
W56,Pre_Treat,0.40437,0.47351,-0.06208,
W57,Pre_Treat,0.44073,0.43272,0.01201,
W58,Pre_Treat,0.53684,0.63174,0.21274,
W59,Pre_Treat,0.37923,0.53627,0.12838,
W60,Pre_Treat,0.54345,0.67868,0.30592,
W62,Pre_Treat,0.58225,0.74735,0.14947,
W63,Pre_Treat,0.67473,0.64149,0.41034,
W64,Pre_Treat,0.57596,0.65846,0.27867,
W65,Pre_Treat,0.4988,0.67392,0.051538,
W67,Pre_Treat,0.53301,0.65345,0.29328,
W70,Pre_Treat,0.56365,0.66388,0.18188,
W71,Pre_Treat,0.68836,0.75918,0.41241,
W72,Pre_Treat,0.5934,0.68137,0.30383,
W73,Pre_Treat,0.50045,0.62627,0.23734,
W74,Pre_Treat,0.44582,0.65671,0.20166,
W75,Pre_Treat,0.61087,0.67407,0.12868,
W76,Pre_Treat,0.61,0.68823,0.30583,
W77,Pre_Treat,0.5502,0.77034,0.32815,
W78,Pre_Treat,0.58117,0.72603,0.33929,
W79,Pre_Treat,0.50374,0.63121,0.21055,
W80,Pre_Treat,0.46494,0.57176,0.12074,
W82,Pre_Treat,0.61499,0.70164,0.24016,
W83,Pre_Treat,0.74626,0.74767,0.48505,
W84,Pre_Treat,0.59097,0.78617,0.31028,
W85,Pre_Treat,0.5452,0.74631,0.10776,
W87,Pre_Treat,0.44388,0.57457,0.06403,
W90,Pre_Treat,0.45085,0.63327,-0.06235,
W92,Pre_Treat,0.43448,0.58765,0.080375,
W93,Pre_Treat,0.5149,0.624,0.39618,
W94,Pre_Treat,0.58403,0.65722,0.20912,
W95,Pre_Treat,0.48968,0.55042,0.036679,
W97,Pre_Treat,0.54054,0.69269,0.20908,
W98,Pre_Treat,0.40528,0.56465,0.010737,
Y1,Pre_Treat,0.53545,0.60713,0.2797,
Y10,Pre_Treat,0.6558,0.67518,0.34247,
Y11,Pre_Treat,0.53823,0.66487,0.22093,
Y12,Pre_Treat,0.40685,0.32243,0.021837,
Y13,Pre_Treat,0.45075,0.5067,-0.03713,
Y14,Pre_Treat,0.45177,0.2999,0.001257,
Y15,Pre_Treat,0.42329,0.3747,0.002083,
Y17,Pre_Treat,0.45688,0.42595,-0.11942,
Y2,Pre_Treat,0.59037,0.65454,0.21597,
Y20,Pre_Treat,0.35095,0.34973,-0.07556,
Y21,Pre_Treat,0.38125,0.43541,-0.02667,
Y22,Pre_Treat,0.35849,0.35366,-0.00694,
Y23,Pre_Treat,0.59402,0.53996,0.20249,
Y24,Pre_Treat,0.47665,0.46606,-0.00968,
Y25,Pre_Treat,0.39502,0.36887,0.005212,
Y26,Pre_Treat,0.35777,0.30653,0.060714,
Y27,Pre_Treat,0.43933,0.39848,-0.01859,
Y28,Pre_Treat,0.44745,0.42769,0.015899,
Y29,Pre_Treat,0.51099,0.46997,-0.00354,
Y3,Pre_Treat,0.6316,0.60694,0.28331,
Y30,Pre_Treat,0.30957,0.25765,-0.00648,
Y31,Pre_Treat,0.30931,0.39655,-0.06917,
Y32,Pre_Treat,0.32645,0.28924,-0.04653,
Y33,Pre_Treat,0.4586,0.40709,0.00895,
Y34,Pre_Treat,0.37651,0.34716,0.008537,
Y35,Pre_Treat,0.43309,0.45366,0.006114,
Y36,Pre_Treat,0.47448,0.50171,0.033327,
Y37,Pre_Treat,0.62956,0.56108,0.18696,
Y38,Pre_Treat,0.42758,0.48603,-0.0459,
Y39,Pre_Treat,0.51826,0.54876,-0.05173,
Y4,Pre_Treat,0.60155,0.70804,0.26594,
Y40,Pre_Treat,0.51323,0.47076,0.027363,
Y41,Pre_Treat,0.44195,0.43986,0.049082,
Y42,Pre_Treat,0.35719,0.311,0.063999,
Y43,Pre_Treat,0.38649,0.34893,0.039283,
Y44,Pre_Treat,0.46547,0.49746,0.037641,
Y45,Pre_Treat,0.41884,0.48386,-0.04659,
Y46,Pre_Treat,0.38686,0.40916,-0.03489,
Y47,Pre_Treat,0.39028,0.36256,0.040884,
Y48,Pre_Treat,0.39979,0.40178,-0.03578,
Y49,Pre_Treat,0.35336,0.35405,-0.01866,
Y5,Pre_Treat,0.59895,0.82086,0.27566,
Y50,Pre_Treat,0.30381,0.28853,-0.02311,
Y51,Pre_Treat,0.41947,0.48257,0.004863,
Y52,Pre_Treat,0.42332,0.37154,0.006862,
Y53,Pre_Treat,0.49837,0.47542,0.060058,
Y54,Pre_Treat,0.42708,0.4506,-0.0132,
Y55,Pre_Treat,0.47632,0.49262,0.24048,
Y56,Pre_Treat,0.52737,0.65999,0.20337,
Y57,Pre_Treat,0.54502,0.53735,0.13904,
Y58,Pre_Treat,0.67443,0.69325,0.29812,
Y59,Pre_Treat,0.62753,0.68105,0.36049,
Y60,Pre_Treat,0.35678,0.4646,-0.08598,
Y62,Pre_Treat,0.44205,0.54515,0.061061,
Y63,Pre_Treat,0.49607,0.55264,0.13287,
Y64,Pre_Treat,0.53657,0.69827,0.24575,
Y65,Pre_Treat,0.615,0.67549,0.14198,
Y67,Pre_Treat,0.46953,0.5771,0.11527,
Y7,Pre_Treat,0.375,0.42526,-0.02934,
Y70,Pre_Treat,0.52967,0.49232,0.16529,
Y71,Pre_Treat,0.5194,0.67506,0.22977,
Y72,Pre_Treat,0.43274,0.62546,0.027925,
Y73,Pre_Treat,0.64842,0.72114,0.32318,
Y74,Pre_Treat,0.5825,0.67237,0.18663,
Y75,Pre_Treat,0.61323,0.72052,0.26449,
Y76,Pre_Treat,0.63044,0.63126,0.21626,
Y77,Pre_Treat,0.5256,0.62122,0.19617,
Y78,Pre_Treat,0.48248,0.57227,-0.00209,
Y79,Pre_Treat,0.45223,0.34836,0.016168,
Y8,Pre_Treat,0.5586,0.64948,0.22343,
Y80,Pre_Treat,0.53595,0.46432,0.14381,
Y82,Pre_Treat,0.48334,0.60995,0.10061,
Y83,Pre_Treat,0.50627,0.59334,0.16692,
Y84,Pre_Treat,0.46937,0.56793,0.22381,
Y85,Pre_Treat,0.45558,0.46935,0.14282,
Y87,Pre_Treat,0.48913,0.49262,0.18931,
Y88,Pre_Treat,0.5871,0.7267,0.26384,
Y90,Pre_Treat,0.44445,0.52439,0.039896,
Y92,Pre_Treat,0.54105,0.64748,0.22755,
Y93,Pre_Treat,0.48369,0.59979,0.14856,
Y94,Pre_Treat,0.4621,0.4772,0.077544,
Y95,Pre_Treat,0.41019,0.52439,-0.00157,
Y97,Pre_Treat,0.49657,0.63307,0.22972,
B1,Post_Treat,0.47564,0.59818,0.002323,
B13,Post_Treat,0.61264,0.65329,0.38557,
B1315,Post_Treat,0.32507,0.31311,-0.00933,
B14,Post_Treat,0.63215,0.71713,0.34493,
B15,Post_Treat,0.48784,0.58507,0.12569,
B189,Post_Treat,0.40509,0.3296,0.016538,
B1938,Post_Treat,0.42406,0.48272,-0.04747,
B2,Post_Treat,0.57612,0.63045,0.1408,
B20,Post_Treat,0.60432,0.63147,0.2373,
B22,Post_Treat,0.39409,0.33904,-0.02474,
B233,Post_Treat,0.37731,0.36644,-0.00979,
B24,Post_Treat,0.29233,0.24185,0.058932,no tissue? / reddish algae
B25,Post_Treat,0.53875,0.37854,0.16505,also no tissue / reddish algae
B26,Post_Treat,0.37554,0.41257,0.012806,
B266,Post_Treat,0.34903,0.36791,0.080215,
B27,Post_Treat,0.49559,0.56136,0.17471,
B2759,Post_Treat,0.4055,0.33121,0.033355,
B28,Post_Treat,0.48282,0.59412,0.049152,
B3,Post_Treat,0.56202,0.64237,-0.01854,
B30,Post_Treat,0.44903,0.53392,0.081229,algae overgrowth
B31,Post_Treat,0.46414,0.4267,0.073688,
B33,Post_Treat,0.3299,0.49542,0.038056,
B3366,Post_Treat,0.55855,0.58037,0.32727,
B34,Post_Treat,0.54259,0.26659,0.15915,no tissue
B35,Post_Treat,0.58356,0.7344,0.10241,
B36,Post_Treat,0.37409,0.38755,0.057419,no tissue
B3664,Post_Treat,0.48611,0.53956,-0.04963,
B37,Post_Treat,0.55547,0.65879,0.27742,
B38,Post_Treat,0.43656,0.62283,0.12125,
B39,Post_Treat,0.45651,0.6504,0.0649,
B3941,Post_Treat,0.33745,0.337,-0.00291,no tissue
B3998,Post_Treat,0.57338,0.5894,0.32523,
B4,Post_Treat,0.59863,0.42732,0.11412,
B40,Post_Treat,0.45412,0.6561,0.10346,algae/no tissue
B4037,Post_Treat,0.37785,0.26009,0.061912,algae
B41,Post_Treat,0.41911,0.54295,0.068117,algae
B43,Post_Treat,0.37937,0.52496,-0.00075,no tissue
B44,Post_Treat,0.43417,0.53942,0.025709,
B46,Post_Treat,0.38524,0.39917,-0.03083,algae
B47,Post_Treat,0.49448,0.58407,0.12191,
B49,Post_Treat,0.46576,0.53677,0.15884,
B5,Post_Treat,0.51733,0.41233,0.038793,
B50,Post_Treat,0.50504,0.543,0.040352,no tissue
B5431,Post_Treat,0.26252,0.40753,-0.05293,algae
B5628,Post_Treat,0.35349,0.36692,0.020703,no tissue
B57,Post_Treat,0.23651,0.36354,-0.04829,algae
B58,Post_Treat,0.5256,0.60265,0.13012,no tissue
B59,Post_Treat,0.18126,0.52972,-0.04798,algae
B60,Post_Treat,0.29783,0.27068,-0.00163,algae carpet
B616,Post_Treat,0.36375,0.36645,0.020575,
B62,Post_Treat,0.39836,0.53753,0.069249,no tissue
B6232,Post_Treat,0.37181,0.38452,-0.0534,
B63,Post_Treat,0.58076,0.64665,0.23355,
B64,Post_Treat,0.61874,0.68353,0.22642,
B65,Post_Treat,0.54983,0.6476,0.17241,
B67,Post_Treat,0.57465,0.63893,0.31626,
B6947,Post_Treat,0.53641,0.63971,-0.00102,
B7,Post_Treat,0.43454,0.61907,0.13137,no tissue
B70,Post_Treat,0.53216,0.65529,0.14437,
B73,Post_Treat,0.5142,0.53864,0.24498,no tissue?
B74,Post_Treat,0.46413,0.52551,0.11266,
B75,Post_Treat,0.40835,0.51376,0.10778,
B76,Post_Treat,0.46081,0.61797,0.054978,
B77,Post_Treat,0.39865,0.50025,0.19072,
B79,Post_Treat,0.50855,0.57498,0.21605,
B80,Post_Treat,0.54277,0.67547,0.17546,no tissue
B82,Post_Treat,0.47644,0.51307,0.064581,
B820,Post_Treat,0.48588,0.46815,-0.02811,
B83,Post_Treat,0.45119,0.61216,0.049435,no tissue
B84,Post_Treat,0.50376,0.56721,0.097331,
B85,Post_Treat,0.46511,0.54885,-0.00366,algae overgrowth
B87,Post_Treat,0.47183,0.62059,0.056716,no tissue
B919,Post_Treat,0.54806,0.53021,0.023979,
B92,Post_Treat,0.47863,0.61676,0.13661,no tissue
B93,Post_Treat,0.6185,0.71072,0.25063,
B94,Post_Treat,0.46731,0.5519,0.21836,
B9658,Post_Treat,0.40766,0.55914,0.1051,
B9940,Post_Treat,0.33794,0.39482,0.006809,
G1899,Post_Treat,0.38584,0.47361,-0.0383,
G1991,Post_Treat,0.62882,0.65989,0.14525,
G24,Post_Treat,0.44211,0.43596,0.081081,
G25,Post_Treat,0.43541,0.57478,0.16073,
G26,Post_Treat,0.50194,0.48488,-0.01809,gorgeous:)
G27,Post_Treat,0.29582,0.21338,-0.01087,
G28,Post_Treat,0.4337,0.4706,0.1522,minimal tissue
G29,Post_Treat,0.47684,0.5238,0.37463,no tissue
G30,Post_Treat,0.58914,0.53615,0.21673,
G31,Post_Treat,0.35529,0.30908,-0.02394,
G32,Post_Treat,0.43906,0.40075,0.036657,
G33,Post_Treat,0.37263,0.46547,0.097079,
G35,Post_Treat,0.46263,0.6197,0.17846,
G37,Post_Treat,0.61107,0.46336,0.18284,
G38,Post_Treat,0.44189,0.42253,-0.09922,goregous
G39,Post_Treat,0.45056,0.44864,-0.05851,algae carpet
G4,Post_Treat,0.51912,0.57864,0.18326,
G40,Post_Treat,0.46394,0.57383,0.17314,
G41,Post_Treat,0.5966,0.66199,0.19295,
G4161,Post_Treat,0.5904,0.64605,0.17525,
G42,Post_Treat,0.39995,0.28734,0.14239,
G43,Post_Treat,0.35366,0.29397,-0.01059,
G44,Post_Treat,0.50588,0.59901,0.12127,
G45,Post_Treat,0.53379,0.67474,0.15054,no tissue
G46,Post_Treat,0.40238,0.70797,0.002383,
G47,Post_Treat,0.4965,0.50707,0.15582,
G48,Post_Treat,0.359,0.44521,0.079229,no tissue
G52,Post_Treat,0.58423,0.36405,0.25764,no tissue
G54,Post_Treat,0.43386,0.41694,0.051321,
G55,Post_Treat,0.50942,0.51419,0.11577,no tissue
G56,Post_Treat,0.39221,0.31677,0.034872,algae circle growth
G58,Post_Treat,0.35685,0.34831,0.033796,algae circle growth
G59,Post_Treat,0.5943,0.6034,0.24298,
G60,Post_Treat,0.45186,0.5317,0.23382,
G6166,Post_Treat,0.56227,0.59683,0.31626,
G618,Post_Treat,0.45957,0.54554,0.20698,
G63,Post_Treat,0.53943,0.64503,0.32922,
G64,Post_Treat,0.55226,0.66201,0.24578,
G65,Post_Treat,0.47256,0.50267,0.13148,
G6642,Post_Treat,0.57369,0.60201,0.26087,
G67,Post_Treat,0.50671,0.61048,0.14134,
G6775,Post_Treat,0.5177,0.63236,0.002866,
G681,Post_Treat,0.60077,0.62106,0.2403,
G6961,Post_Treat,0.54788,0.56579,0.27148,
G6991,Post_Treat,0.51367,0.66241,-0.00258,no tissue/too much algae
G70,Post_Treat,0.46925,0.72836,0.028609,
G71,Post_Treat,0.46088,0.5138,0.25443,algae circle
G73,Post_Treat,0.52518,0.51835,0.18001,
G7472,Post_Treat,0.5349,0.586,0.16279,
G75,Post_Treat,0.51934,0.57147,0.21429,
G76,Post_Treat,0.49114,0.69075,0.15077,
G7673,Post_Treat,0.39538,0.55414,-0.01198,algae in center
G77,Post_Treat,0.42989,0.58557,0.15778,
G78,Post_Treat,0.44979,0.55548,0.20327,
G79,Post_Treat,0.26868,0.50702,0.028391,algae circle
G80,Post_Treat,0.54659,0.6344,0.13863,
G8171,Post_Treat,0.59879,0.61826,0.23114,
G8180,Post_Treat,0.49573,0.65458,-0.0129,
G83,Post_Treat,0.47991,0.56175,0.21678,
G84,Post_Treat,0.42314,0.58978,0.036031,lots of algae
G85,Post_Treat,0.50792,0.54635,0.17746,
G8677,Post_Treat,0.49585,0.57546,0.14778,
G87,Post_Treat,0.52655,0.57017,0.21709,
G8965,Post_Treat,0.55253,0.60103,0.18266,
G90,Post_Treat,0.56415,0.56952,0.25431,
G9116,Post_Treat,0.5371,0.60927,0.22837,
G92,Post_Treat,0.56077,0.61466,0.22034,
G93,Post_Treat,0.41127,0.48714,0.030969,broken/no tissue
G95,Post_Treat,0.59036,0.67843,0.23944,
G9669,Post_Treat,0.30981,0.44787,0.13781,
G97,Post_Treat,0.48892,0.58037,0.14959,
G98,Post_Treat,0.55115,0.68395,0.20818,no tissue
G9868,Post_Treat,0.56423,0.59713,0.2486,
G9877,Post_Treat,0.41292,0.58774,0.15157,no tissue
O1618,Post_Treat,0.42886,0.5338,0.017915,lots of algae
O1962,Post_Treat,0.48339,0.61652,0.11214,
O27,Post_Treat,0.35608,0.46284,0.074362,no tissue
O29,Post_Treat,0.28939,0.60707,-0.023,
O33,Post_Treat,0.2606,0.23624,0.019441,
O34,Post_Treat,0.3091,0.25794,0.039414,
O35,Post_Treat,0.27871,0.27126,-0.0007,
O36,Post_Treat,0.28531,0.22988,0.044008,
O37,Post_Treat,0.33543,0.37701,-0.08102,no tissue
O38,Post_Treat,0.38341,0.3832,0.001758,
O41,Post_Treat,0.33228,0.18107,0.027135,
O42,Post_Treat,0.45779,0.41572,-0.03694,
O43,Post_Treat,0.40843,0.31641,0.035822,
O44,Post_Treat,0.40258,0.38384,-0.11233,
O45,Post_Treat,0.36155,0.30294,0.015678,
O46,Post_Treat,0.40276,0.26366,0.015691,
O47,Post_Treat,0.42273,0.40086,0.024167,
O48,Post_Treat,0.40414,0.32644,0.022076,
O49,Post_Treat,0.421,0.38844,-0.00454,
O50,Post_Treat,0.40652,0.243,0.001648,
O51,Post_Treat,0.39954,0.30647,0.04484,
O52,Post_Treat,0.43794,0.40662,0.019488,
O53,Post_Treat,0.19865,0.2361,0.028786,no tissue
O54,Post_Treat,0.41281,0.3954,-0.02158,
O55,Post_Treat,0.43659,0.37962,-0.00655,
O56,Post_Treat,0.40609,0.2865,0.046165,
O57,Post_Treat,0.31449,0.43482,-0.03254,
O58,Post_Treat,0.32784,0.31074,0.00012,
O59,Post_Treat,0.32547,0.28299,0.019849,
O60,Post_Treat,0.34576,0.2497,-0.01686,
O62,Post_Treat,0.4268,0.28431,0.003801,
O63,Post_Treat,0.3225,0.30028,0.00503,
O64,Post_Treat,0.38044,0.39673,-0.03973,
O646,Post_Treat,0.49599,0.60538,0.048858,
O65,Post_Treat,0.43252,0.36827,0.0449,no tissue
O6566,Post_Treat,0.49382,0.60094,-0.09908,
O6661,Post_Treat,0.46522,0.49126,0.10835,
O67,Post_Treat,0.21309,0.33941,-0.01267,no tissue
O6719,Post_Treat,0.47232,0.55683,0.14192,
O6968,Post_Treat,0.58851,0.65034,0.31589,
O70,Post_Treat,0.36095,0.26963,0.051454,
O71,Post_Treat,0.33375,0.31084,0.035407,
O72,Post_Treat,0.37567,0.37041,-0.0183,
O73,Post_Treat,0.36982,0.34231,-0.03867,
O7398,Post_Treat,0.57386,0.6372,0.33397,
O74,Post_Treat,0.43021,0.36191,-0.00367,
O75,Post_Treat,0.41323,0.32319,0.028462,
O76,Post_Treat,0.38111,0.40804,0.005729,
O77,Post_Treat,0.45904,0.58873,0.20114,
O78,Post_Treat,0.54455,0.62816,0.21465,
O79,Post_Treat,0.54142,0.62551,0.25321,
O80,Post_Treat,0.44459,0.49955,0.22543,
O82,Post_Treat,0.51351,0.59267,0.24609,
O83,Post_Treat,0.34179,0.61277,-0.02103,lots of algae
O84,Post_Treat,0.57468,0.59635,0.32043,
O85,Post_Treat,0.49813,0.62511,0.17405,
O87,Post_Treat,0.54759,0.6349,0.22194,
O88,Post_Treat,0.35415,0.48738,0.11057,lots of algae
O89,Post_Treat,0.50364,0.57777,0.24449,
O916,Post_Treat,0.53367,0.62468,0.22327,
O92,Post_Treat,0.5825,0.6216,0.26156,
O93,Post_Treat,0.57688,0.57188,0.29374,
O94,Post_Treat,0.40659,0.46404,0.18288,
O95,Post_Treat,0.51354,0.6285,0.21893,
O9659,Post_Treat,0.57258,0.6582,0.27568,
O97,Post_Treat,0.53225,0.63716,0.25387,
O98,Post_Treat,0.43094,0.48712,-0.03339,lots of algae
O986,Post_Treat,0.65932,0.57632,0.35237,
W13,Post_Treat,0.43023,0.58564,0.16472,
W15,Post_Treat,0.47436,0.47231,0.13135,
W2,Post_Treat,0.53773,0.65128,0.089461,
W20,Post_Treat,0.42751,0.43253,0.17313,
W21,Post_Treat,0.59119,0.57229,0.23367,
W22,Post_Treat,0.49238,0.47346,0.075796,
W23,Post_Treat,0.47874,0.53786,0.21454,
W24,Post_Treat,0.48419,0.56232,0.21963,
W25,Post_Treat,0.49894,0.46946,0.13841,
W26,Post_Treat,0.55546,0.55454,0.21884,
W27,Post_Treat,0.47616,0.51261,0.13663,
W28,Post_Treat,0.45824,0.53754,0.18002,
W29,Post_Treat,0.52097,0.52921,0.095436,
W3,Post_Treat,0.45556,0.52054,-0.08226,lots of algae
W30,Post_Treat,0.62983,0.64862,0.2289,
W31,Post_Treat,0.51254,0.52765,0.15143,
W32,Post_Treat,0.44996,0.52992,0.08838,no tissue
W33,Post_Treat,0.49535,0.58573,0.27681,
W34,Post_Treat,0.51759,0.58821,0.19811,
W35,Post_Treat,0.39441,0.43257,0.039222,
W36,Post_Treat,0.48008,0.60406,0.12833,
W37,Post_Treat,0.50384,0.60588,0.16151,
W38,Post_Treat,0.46037,0.49183,0.086068,
W39,Post_Treat,0.46901,0.53976,0.19899,
W4,Post_Treat,0.41281,0.43687,-0.05493,lots of algae
W40,Post_Treat,0.56014,0.62033,0.1559,
W41,Post_Treat,0.53617,0.60239,0.22187,
W42,Post_Treat,0.44156,0.52173,0.11749,
W43,Post_Treat,0.4371,0.51098,0.20087,
W44,Post_Treat,0.48509,0.60426,0.06689,
W45,Post_Treat,0.39612,0.564,0.067781,no tissue
W46,Post_Treat,0.41829,0.55531,0.11495,
W48,Post_Treat,0.46592,0.42989,0.074057,
W5,Post_Treat,0.43243,0.44068,0.10775,
W51,Post_Treat,0.42704,0.50171,-0.00131,
W52,Post_Treat,0.55343,0.59116,0.23326,
W53,Post_Treat,0.4298,0.52932,0.16374,
W54,Post_Treat,0.44222,0.42901,0.12479,no tissue/red algae
W55,Post_Treat,0.31081,0.36504,0.15702,no tissue/red algae
W56,Post_Treat,0.38881,0.35489,0.12787,no tissue/red algae
W57,Post_Treat,0.38109,0.42713,0.10458,
W58,Post_Treat,0.62048,0.6416,0.29705,
W59,Post_Treat,0.49928,0.60471,0.2339,
W60,Post_Treat,0.53383,0.63267,0.13276,
W62,Post_Treat,0.5505,0.64984,0.04805,
W63,Post_Treat,0.55238,0.63567,0.16736,DEAD
W64,Post_Treat,0.54553,0.58205,0.18985,
W65,Post_Treat,0.50364,0.53799,0.23303,
W67,Post_Treat,0.5551,0.58218,0.29176,
W7,Post_Treat,0.43782,0.50431,0.02408,lots of algae
W71,Post_Treat,0.61362,0.64138,0.27197,
W72,Post_Treat,0.33073,0.44242,0.098611,
W73,Post_Treat,0.52391,0.67869,0.24441,
W74,Post_Treat,0.61795,0.73614,0.32374,
W75,Post_Treat,0.4855,0.70176,0.12419,
W76,Post_Treat,0.54801,0.7026,0.27007,
W77,Post_Treat,0.45799,0.68392,0.17657,
W78,Post_Treat,0.50523,0.61602,0.20739,
W8,Post_Treat,0.49286,0.57452,0.17856,
W80,Post_Treat,0.31723,0.30199,0.14549,no tissue/lots of dark algae in septa
W82,Post_Treat,0.55327,0.50355,0.12777,
W83,Post_Treat,0.46537,0.62856,0.17561,
W84,Post_Treat,0.52209,0.58765,0.16603,
W85,Post_Treat,0.56859,0.65004,0.12725,
W87,Post_Treat,0.52771,0.65506,0.20401,
W92,Post_Treat,0.31122,0.52684,-0.00581,dark/red algae in septa
W93,Post_Treat,0.51844,0.65594,0.1156,
W94,Post_Treat,0.37855,0.37624,0.16124,dark/red algae in septa
W95,Post_Treat,0.35814,0.36128,0.080381,dark/red algae in septa
Y1,Post_Treat,0.55928,0.58499,0.35817,
Y11,Post_Treat,0.35622,0.4255,0.11131,red algae in septa
Y113,Post_Treat,0.58789,0.5699,0.27648,
Y128,Post_Treat,0.44954,0.4782,0.19607,
Y137,Post_Treat,0.41338,0.50834,0.2158,
Y15,Post_Treat,0.50343,0.59197,0.11094,
Y156,Post_Treat,0.50772,0.63369,0.14356,
Y164,Post_Treat,0.38064,0.5458,0.02121,
Y17,Post_Treat,0.56276,0.46068,0.031809,
Y1819,Post_Treat,0.51121,0.63737,0.002338,
Y210,Post_Treat,0.31343,0.55449,0.025787,red algae in septa
Y2129,Post_Treat,0.4917,0.56996,0.20903,bad angle?
Y22,Post_Treat,0.34521,0.50248,0.014562,
Y2223,Post_Treat,0.56417,0.60573,0.16283,
Y23,Post_Treat,0.65689,0.50503,0.28904,
Y24,Post_Treat,0.63861,0.53938,0.14283,
Y2437,Post_Treat,0.47864,0.63531,0.19102,
Y25,Post_Treat,0.38531,0.42929,-0.03066,brown algae in septa
Y26,Post_Treat,0.48771,0.55404,0.10271,gorgeous
Y27,Post_Treat,0.46856,0.47978,0.19254,
Image,Post_Treat,Red,Green,Blue,
Y28,Post_Treat,0.46808,0.54418,0.16751,
Y2820,Post_Treat,0.58098,0.52297,0.12874,
Y29,Post_Treat,0.6434,0.43363,0.29476,
Y31,Post_Treat,0.32586,0.43381,0.048181,algae In septa
Y3130,Post_Treat,0.50572,0.62187,0.1927,
Y32,Post_Treat,0.47304,0.35227,0.095851,
Y3225,Post_Treat,0.58973,0.58694,0.23188,
Y33,Post_Treat,0.54081,0.4535,0.1665,
Y34,Post_Treat,0.5084,0.48288,0.1572,
Y3433,Post_Treat,0.50674,0.59939,0.15367,
Y35,Post_Treat,0.48178,0.56055,0.11652,
Y36,Post_Treat,0.52879,0.62469,0.085468,
Y3635,Post_Treat,0.47636,0.608,-0.10924,debris in septa?
Y37,Post_Treat,0.69532,0.52656,0.23316,
Y38,Post_Treat,0.54108,0.35843,0.21684,
Y39,Post_Treat,0.39428,0.35933,0.07649,
Y41,Post_Treat,0.39348,0.52878,-0.0273,yellow/brown algae in septa
Y4156,Post_Treat,0.42791,0.49118,-0.09014,
Y42,Post_Treat,0.40409,0.45195,0.013621,brown algae in septa
Y43,Post_Treat,0.45679,0.42907,0.091872,
Y4350,Post_Treat,0.44546,0.60216,0.061955,
Y44,Post_Treat,0.49794,0.68536,0.050632,
Y4451,Post_Treat,0.3751,0.50847,0.009655,
Y4542,Post_Treat,0.45543,0.62034,0.10771,
Y4738,Post_Treat,0.35462,0.36605,0.032579,
Y48,Post_Treat,0.52761,0.41197,0.27125,no tissue
Y4839,Post_Treat,0.50909,0.68248,-0.00088,
Y4940,Post_Treat,0.29616,0.25228,0.05055,
Y5,Post_Treat,0.47291,0.53318,0.07248,
Y51,Post_Treat,0.37529,0.369,0.13721,algae in septa
Y517,Post_Treat,0.55195,0.59049,0.22802,
Y5281,Post_Treat,0.32899,0.31561,0.034576,
Y53,Post_Treat,0.35342,0.23608,0.14288,
Y5354,Post_Treat,0.59066,0.69099,0.16935,
Y56,Post_Treat,0.49841,0.64353,0.077957,
Y5755,Post_Treat,0.47705,0.38171,-0.04299,
Y58,Post_Treat,0.51869,0.58626,0.067281,
Y59,Post_Treat,0.62045,0.66884,0.29609,
Y60,Post_Treat,0.39215,0.4794,0.060065,no tissue
Y615,Post_Treat,0.27043,0.3017,0.012759,
Y6172,Post_Treat,0.3472,0.38646,-0.03806,
Y6359,Post_Treat,0.44997,0.42233,-0.03242,
Y64,Post_Treat,0.5366,0.61303,0.21867,no tissue?
Y65,Post_Treat,0.57967,0.59201,0.23265,
Y6599,Post_Treat,0.26127,0.29939,-0.04679,algae partially overing septa
Y6688,Post_Treat,0.39273,0.43159,-0.03294,
Y67,Post_Treat,0.421,0.54954,0.14864,
Y6758,Post_Treat,0.30689,0.29783,-0.01335,
Y6806,Post_Treat,0.39268,0.40451,-0.06706,
Y6908,Post_Treat,0.45866,0.42498,-0.07906,
Y70,Post_Treat,0.52041,0.38344,0.26255,
Y7071,Post_Treat,0.33358,0.31241,0.038778,
Y71,Post_Treat,0.46986,0.59601,0.13463,
Y72,Post_Treat,0.46898,0.6152,0.11996,
Y73,Post_Treat,0.57907,0.72528,0.27969,
Y7364,Post_Treat,0.30404,0.31916,-0.00542,
Y74,Post_Treat,0.4512,0.60917,0.1561,
Y7409,Post_Treat,0.26159,0.34965,-0.02116,
Y75,Post_Treat,0.58313,0.72738,0.16099,
Y76,Post_Treat,0.54957,0.56851,0.12728,
Y7679,Post_Treat,0.32609,0.42318,-0.09697,
Y77,Post_Treat,0.43558,0.62636,0.15811,
Y78,Post_Treat,0.43721,0.51452,0.092311,
Y79,Post_Treat,0.50338,0.34981,0.17143,
Y8,Post_Treat,0.25497,0.35576,0.035846,green algae in septa
Y82,Post_Treat,0.50112,0.67677,0.045365,
Y8291,Post_Treat,0.30756,0.32653,-0.03291,
Y83,Post_Treat,0.54766,0.56692,0.30474,
Y84,Post_Treat,0.37576,0.47124,0.13859,
Y8483,Post_Treat,0.34244,0.50325,-0.06051,algae in septa
Y8794,Post_Treat,0.42371,0.41754,-0.11334,
Y88,Post_Treat,0.52196,0.67376,0.12824,
Y8975,Post_Treat,0.4074,0.42529,-0.08244,
Y914,Post_Treat,0.55176,0.64078,0.15958,
Y92,Post_Treat,0.46698,0.58239,0.064689,
Y9278,Post_Treat,0.39179,0.36651,0.024336,
Y93,Post_Treat,0.50467,0.64042,0.11721,
Y9398,Post_Treat,0.34894,0.28452,0.023807,
Y9597,Post_Treat,0.4109,0.46005,-0.03508,
Y9885,Post_Treat,0.45681,0.44091,-0.03737,