"","Colony","Sym.State","B.TAG","Treatment","Plastic","Temperature","Food","Light","term.x","Slope","std.error","statistic","p.value","term.y","Log.Slope","Log.std.error","Log.statistic","Log.pvalue"
"1","S22","SYM","B1","PDF","PLASTIC","ELEVATED","FED","DARK","Day",0.0142857142857143,0.405824934609765,0.0352016671904382,0.975116369910328,"Day",5.11137621191132e-05,0.00164778252319115,0.031019725843508,0.978071016016512
"2","A2","APO","B10","NDF","NOPLASTIC","ELEVATED","FED","DARK","Day",-4,NA,NA,NA,"Day",-0.0246004895183384,NA,NA,NA
"3","A3","APO","B11","NDF","NOPLASTIC","ELEVATED","FED","DARK","Day",-1.2857142857143,1.07222192849503,-1.19911209754769,0.44251588684258,"Day",-0.00443492171835325,0.00374301253392526,-1.1848535579715,0.446265584198196
"4","A3","APO","B12","NDF","NOPLASTIC","ELEVATED","FED","DARK","Day",-1.64285714285715,2.68055482123755,-0.612879516524374,0.649963564242481,"Day",-0.00891593319519566,0.0135425115672786,-0.658366297189533,0.629338222179557
"5","S4","SYM","B13","PDS","PLASTIC","ELEVATED","STARVED","DARK","Day",-0.857142857142857,0.18070158058105,-4.74341649025257,0.0416851525000901,"Day",-0.0209168316998347,0.00362265210370316,-5.77390019826995,0.0287103527387674
"6","S20","SYM","B1315","Control","NOPLASTIC","AMBIENT","FED","LIGHT","Day",-0.999999999999997,NA,NA,NA,"Day",-0.00313101797917999,NA,NA,NA
"7","S4","SYM","B14","PDS","PLASTIC","ELEVATED","STARVED","DARK","Day",-1.31428571428571,0.593845991166472,-2.21317603189357,0.157345198735591,"Day",-0.012760019382494,0.00555399912032436,-2.297447137829,0.148407859513212
"8","S4","SYM","B15","PDS","PLASTIC","ELEVATED","STARVED","DARK","Day",-1.11428571428571,0.355137225561602,-3.1376201481656,0.0883270646862405,"Day",-0.00449269038414012,0.00139079883740225,-3.23029489478982,0.0839426163327821
"9","S18","SYM","B189","Control","NOPLASTIC","AMBIENT","FED","LIGHT","Day",-0.428571428571424,NA,NA,NA,"Day",-0.00149600934444662,NA,NA,NA
"10","S19","SYM","B1938","Control","NOPLASTIC","AMBIENT","FED","LIGHT","Day",1.91401747344308e-15,NA,NA,NA,"Day",0,NA,NA,NA
"11","S25","SYM","B2","PDF","PLASTIC","ELEVATED","FED","DARK","Day",-1.2,0.0494871659305393,-24.2487113059643,0.00169635406279046,"Day",-0.00438862904734952,0.000217498341562573,-20.1777586708032,0.00244713375912948
"12","S5","SYM","B20","PDS","PLASTIC","ELEVATED","STARVED","DARK","Day",-0.628571428571428,0.529150262212918,-1.18788834374329,0.356824119174845,"Day",-0.00578789318040173,0.00502152822084859,-1.15261588222711,0.368230298432659
"13","S6","SYM","B21","PDS","PLASTIC","ELEVATED","STARVED","DARK","Day",-0.428571428571428,NA,NA,NA,"Day",-0.0108551295682744,NA,NA,NA
"14","A1","APO","B22","NLF","NOPLASTIC","ELEVATED","FED","LIGHT","Day",3.35714285714286,0.0412393049421151,81.4063879557394,0.00781987470192051,"Day",0.0246575654707118,0.000922071197729581,26.7414984129493,0.0237953484712859
"15","A2","APO","B23","NLF","NOPLASTIC","ELEVATED","FED","LIGHT","Day",-4.57142857142857,2.8042727360639,-1.63016546594718,0.350293285916152,"Day",-0.0359020611829866,0.0224287148337451,-1.60071860778087,0.355486904874442
"16","S18","SYM","B233","Control","NOPLASTIC","AMBIENT","FED","LIGHT","Day",-1.76190476190476,NA,NA,NA,"Day",-0.00478531135934869,NA,NA,NA
"17","A2","APO","B24","NLF","NOPLASTIC","ELEVATED","FED","LIGHT","Day",-1.78571428571429,1.11346123343714,-1.60375074774896,0.354945767605598,"Day",-0.00789196692211871,0.00494274660711695,-1.59667641281777,0.356210600997706
"18","A3","APO","B25","NLF","NOPLASTIC","ELEVATED","FED","LIGHT","Day",-0.285714285714287,0.577350269189627,-0.494871659305394,0.707449961203501,"Day",-0.00352805395211271,0.00742960199336318,-0.474864461819663,0.717762426574491
"19","A3","APO","B26","NLF","NOPLASTIC","ELEVATED","FED","LIGHT","Day",0.357142857142854,0.783546793900208,0.455802844097068,0.727737406051721,"Day",0.00118852278599718,0.00264672859773812,0.449053517241202,0.731304088019599
"20","S17","SYM","B266","Control","NOPLASTIC","AMBIENT","FED","LIGHT","Day",-0.333333333333332,NA,NA,NA,"Day",-0.000962033681786611,NA,NA,NA
"21","S4","SYM","B27","PLS","PLASTIC","ELEVATED","STARVED","LIGHT","Day",-0.557142857142858,0.379849594294523,-1.46674595816698,0.280119260302991,"Day",-0.00321094182303293,0.00216950878502251,-1.48003172201933,0.276999799770783
"22","S18","SYM","B2759","Control","NOPLASTIC","AMBIENT","FED","LIGHT","Day",-0.714285714285712,NA,NA,NA,"Day",-0.00186278174264147,NA,NA,NA
"23","S4","SYM","B28","PLS","PLASTIC","ELEVATED","STARVED","LIGHT","Day",-1.07142857142857,0.0845154254728514,-12.6773138209278,0.006164743912595,"Day",-0.00679888897958854,0.000476802802767149,-14.2593309857468,0.00488216178426324
"24","S27","SYM","B3","PDF","PLASTIC","ELEVATED","FED","DARK","Day",-1.02857142857143,0.27404751561787,-3.75325945302735,0.0642245591619345,"Day",-0.0171935787856828,0.00512756620441758,-3.35316563457921,0.0785961657414223
"25","S5","SYM","B30","PLS","PLASTIC","ELEVATED","STARVED","LIGHT","Day",-4.04285714285714,1.00030607560784,-4.0416201015279,0.0561159069272368,"Day",-0.0305441283845757,0.00744096593273359,-4.10486066737772,0.0545379251494693
"26","S6","SYM","B31","PLS","PLASTIC","ELEVATED","STARVED","LIGHT","Day",-0.4,0.233867222053498,-1.71037222098827,0.229325364411547,"Day",-0.00359534014690307,0.00210446644003315,-1.70843311088697,0.229680514988964
"27","S4","SYM","B33","NDS","NOPLASTIC","ELEVATED","STARVED","DARK","Day",-0.657142857142857,0.0494871659305394,-13.2790561913614,0.00562328731563109,"Day",-0.00346167912688214,0.00023423600453557,-14.7785953476528,0.00454740288004914
"28","A22","APO","B3366","Control","NOPLASTIC","AMBIENT","FED","LIGHT","Day",-1.95238095238095,NA,NA,NA,"Day",-0.00797123364653701,NA,NA,NA
"29","S30","SYM","B34","NDS","NOPLASTIC","ELEVATED","STARVED","DARK","Day",-1.71428571428571,0.135526185435788,-12.6491106406735,0.00619201000009346,"Day",-0.0235148731990271,0.00136258026495847,-17.2576058847761,0.00334086002077645
"30","S5","SYM","B35","NDS","NOPLASTIC","ELEVATED","STARVED","DARK","Day",-1.17142857142857,0.696639162299235,-1.68154280554987,0.234680272229779,"Day",-0.00619923866899946,0.00353775003885718,-1.75231110194604,0.221816917876605
"31","S6","SYM","B36","NDS","NOPLASTIC","ELEVATED","STARVED","DARK","Day",-1.31428571428572,0.185164019954511,-7.09795409825621,0.0192767047641921,"Day",-0.00825199038437321,0.00100880410956853,-8.17997300576287,0.0146181141340084
"32","S4","SYM","B37","NLS","NOPLASTIC","ELEVATED","STARVED","LIGHT","Day",-1.58571428571429,0.479583152331272,-3.30644285147647,0.0805699431155337,"Day",-0.0229187519869094,0.00728064993022488,-3.14789918572578,0.087824806271037
"33","S4","SYM","B38","NLS","NOPLASTIC","ELEVATED","STARVED","LIGHT","Day",-0.442857142857144,0.508499192301649,-0.870910218859177,0.475629677974728,"Day",-0.00246640106057833,0.00292153601336039,-0.84421381400034,0.487431617264768
"34","S4","SYM","B39","NLS","NOPLASTIC","ELEVATED","STARVED","LIGHT","Day",-0.399999999999999,0.567486401886892,-0.704862704498292,0.553922908485985,"Day",-0.00274113414203315,0.00378738118959631,-0.723754490190442,0.544422744522906
"35","S20","SYM","B3941","Control","NOPLASTIC","AMBIENT","FED","LIGHT","Day",-0.238095238095236,NA,NA,NA,"Day",-0.00144749891354146,NA,NA,NA
"36","A18","APO","B3998","Control","NOPLASTIC","AMBIENT","FED","LIGHT","Day",-1.19047619047618,NA,NA,NA,"Day",-0.00393770075452914,NA,NA,NA
"37","S28","SYM","B4","PDF","PLASTIC","ELEVATED","FED","DARK","Day",-0.642857142857144,0.188982236504614,-3.40168025708305,0.0766194831233611,"Day",-0.00352448992444171,0.00105654512017651,-3.33586314217503,0.0793189090732249
"38","S5","SYM","B40","NLS","NOPLASTIC","ELEVATED","STARVED","LIGHT","Day",-1,0.18070158058105,-5.53398590529466,0.0311360683730337,"Day",-0.00871093673744134,0.00142838743095128,-6.09844118527424,0.0258501883167633
"39","S30","SYM","B4037","Control","NOPLASTIC","AMBIENT","FED","LIGHT","Day",-0.333333333333328,NA,NA,NA,"Day",-0.00119266818695657,NA,NA,NA
"40","S6","SYM","B41","NLS","NOPLASTIC","ELEVATED","STARVED","LIGHT","Day",0.671428571428573,0.394606494769519,1.70151424350159,0.230953579911022,"Day",0.00222480234226689,0.00130634830706266,1.7030697940501,0.230666559450709
"41","S4","SYM","B42","PDF","PLASTIC","ELEVATED","FED","DARK","Day",-1.07142857142857,0.12371791482635,-8.66025403784429,0.0731863950403282,"Day",-0.00531972092153468,0.000559109214547607,-9.51463646657843,0.0666647746471779
"42","S4","SYM","B43","PDF","PLASTIC","ELEVATED","FED","DARK","Day",-0.757142857142856,0.144984165215603,-5.22224517427076,0.0347668890155963,"Day",-0.0048531443509561,0.000918712000145602,-5.28255247584331,0.03401741312941
"43","S4","SYM","B44","PDF","PLASTIC","ELEVATED","FED","DARK","Day",-0.385714285714285,0.130149051130633,-2.96363501972163,0.0974895348724182,"Day",-0.00224067371652143,0.000762117684153369,-2.94006262170728,0.0988340036412503
"44","S6","SYM","B46","PDF","PLASTIC","ELEVATED","FED","DARK","Day",-0.7,0.0742307488958091,-9.43005439676388,0.0110591153563548,"Day",-0.00663783645995605,0.000804642821527041,-8.24941984489322,0.0143782884488957
"45","S30","SYM","B47","PLF","PLASTIC","ELEVATED","FED","LIGHT","Day",-0.471428571428571,0.193253560835266,-2.43943019415009,0.134867866596424,"Day",-0.00303296018092311,0.00122937022135929,-2.46708446994073,0.132431912216503
"46","S4","SYM","B48","PLF","PLASTIC","ELEVATED","FED","LIGHT","Day",-1.85714285714285,NA,NA,NA,"Day",-0.00980407234129921,NA,NA,NA
"47","S4","SYM","B49","PLF","PLASTIC","ELEVATED","FED","LIGHT","Day",-0.900000000000001,0.356570970695677,-2.52404170267726,0.127604547522538,"Day",-0.00659862228917099,0.00254660622170464,-2.59114355133949,0.122227287903224
"48","S29","SYM","B5","PDF","PLASTIC","ELEVATED","FED","DARK","Day",-1.32857142857143,1.22749121947065,-1.082346991569,0.392234746419869,"Day",-0.0105371967877348,0.00954954428790661,-1.10342404517449,0.384851238112729
"49","S30","SYM","B50","PLF","PLASTIC","ELEVATED","FED","LIGHT","Day",-0.414285714285714,0.074230748895809,-5.58105260216638,0.0306369078259304,"Day",-0.00187148441281043,0.000327255389491666,-5.71872755317324,0.0292428223476616
"50","S6","SYM","B51","PLF","PLASTIC","ELEVATED","FED","LIGHT","Day",-1.35714285714286,0.206196524710582,-6.58179306876171,0.0959902463882511,"Day",-0.017832476918753,0.00209948184848948,-8.49375141375144,0.0746080885204917
"51","S4","SYM","B52","NDF","NOPLASTIC","ELEVATED","FED","DARK","Day",-1.42857142857143,0.494871659305396,-2.88675134594812,0.212295615009657,"Day",-0.0101487509724125,0.00337863740903489,-3.00379997725518,0.204591126111573
"52","S4","SYM","B53","NDF","NOPLASTIC","ELEVATED","FED","DARK","Day",-2.21428571428572,0.206196524710585,-10.7387150069269,0.059112205971007,"Day",-0.00899477094566468,0.000677387077986599,-13.2786278893892,0.0478528609200935
"53","S19","SYM","B5431","Control","NOPLASTIC","AMBIENT","FED","LIGHT","Day",-0.952380952380952,NA,NA,NA,"Day",-0.00596014966447646,NA,NA,NA
"54","S6","SYM","B55","NDF","NOPLASTIC","ELEVATED","FED","DARK","Day",-1.28571428571429,0.0824786098842287,-15.5884572681206,0.0407832945368326,"Day",-0.00960934949697193,0.000799679169337122,-12.016505950677,0.0528569819119483
"55","S6","SYM","B56","NDF","NOPLASTIC","ELEVATED","FED","DARK","Day",-1.28571428571429,0.494871659305395,-2.59807621135331,0.233908049281922,"Day",-0.0101407329478849,0.00378405342248709,-2.67985987925609,0.227369474874211
"56","S20","SYM","B5628","Control","NOPLASTIC","AMBIENT","FED","LIGHT","Day",-0.333333333333332,NA,NA,NA,"Day",-0.00213028065911381,NA,NA,NA
"57","S4","SYM","B57","NLF","NOPLASTIC","ELEVATED","FED","LIGHT","Day",-0.357142857142863,0.618589574131746,-0.577350269189632,0.666666666666664,"Day",-0.00179028347594421,0.00315401017062798,-0.567621338896239,0.671331457169934
"58","S4","SYM","B58","NLF","NOPLASTIC","ELEVATED","FED","LIGHT","Day",-0.428571428571431,0.329914439536931,-1.29903810567666,0.417656549655277,"Day",-0.00487201785903828,0.00378895043787107,-1.28584892806773,0.420800845454288
"59","S5","SYM","B59","NLF","NOPLASTIC","ELEVATED","FED","LIGHT","Day",-0.642857142857149,1.44337567297407,-0.445384493374857,0.733250557179912,"Day",-0.00372755379789806,0.00879483760797391,-0.423834295077653,0.744790038107774
"60","S6","SYM","B60","NLF","NOPLASTIC","ELEVATED","FED","LIGHT","Day",0.0714285714285691,0.618589574131744,0.115470053837921,0.926813604959675,"Day",0.000512034962757989,0.00455745912320185,0.112350972091278,0.928773837362151
"61","S17","SYM","B616","Control","NOPLASTIC","AMBIENT","FED","LIGHT","Day",0.0476190476190518,NA,NA,NA,"Day",0.000154356853532076,NA,NA,NA
"62","S6","SYM","B62","NLF","NOPLASTIC","ELEVATED","FED","LIGHT","Day",0.214285714285712,0.206196524710582,1.03923048454131,0.487754291644604,"Day",0.00283859490353651,0.00276103879980655,1.02808946536187,0.491183246085963
"63","S19","SYM","B6232","Control","NOPLASTIC","AMBIENT","FED","LIGHT","Day",-0.190476190476188,NA,NA,NA,"Day",-0.000885961325287279,NA,NA,NA
"64","A4","APO","B63","PDS","PLASTIC","ELEVATED","STARVED","DARK","Day",-1.01428571428572,0.504469816657417,-2.01059742484953,0.182068902235578,"Day",-0.00630305897077985,0.0031024806396563,-2.0316191147862,0.179267799539361
"65","A20","APO","B6334","Control","NOPLASTIC","AMBIENT","FED","LIGHT","Day",-1.04761904761905,NA,NA,NA,"Day",-0.00714000701385301,NA,NA,NA
"66","A4","APO","B64","PDS","PLASTIC","ELEVATED","STARVED","DARK","Day",-0.700000000000001,0.444237480156178,-1.57573377139161,0.255779670728771,"Day",-0.0037934538282489,0.00242414718466664,-1.56486118179765,0.258083825423958
"67","A5","APO","B65","PDS","PLASTIC","ELEVATED","STARVED","DARK","Day",-1.91428571428571,0.940256152680248,-2.03591937030026,0.178701985726596,"Day",-0.00664343146592594,0.00322235194144777,-2.06167159473621,0.175363671683268
"68","A5","APO","B67","PDS","PLASTIC","ELEVATED","STARVED","DARK","Day",-0.457142857142856,0.398466448028038,-1.14725558301132,0.370000615233474,"Day",-0.0027400489300389,0.00243243732979208,-1.12646229215415,0.376961775812543
"69","A19","APO","B6947","Control","NOPLASTIC","AMBIENT","FED","LIGHT","Day",-0.19047619047619,NA,NA,NA,"Day",-0.00133208819249551,NA,NA,NA
"70","A1","APO","B7","NDF","NOPLASTIC","ELEVATED","FED","DARK","Day",-2.14285714285715,0.247435829652695,-8.66025403784445,0.0731863950403268,"Day",-0.0154765026291853,0.00224424079684879,-6.89609717946327,0.091676928360658
"71","A6","APO","B70","PDS","PLASTIC","ELEVATED","STARVED","DARK","Day",-0.528571428571429,0.264575131106459,-1.99781221447734,0.183801464923025,"Day",-0.00456674103346335,0.00226954568567401,-2.01218290616041,0.181855586780907
"72","A4","APO","B71","PLS","PLASTIC","ELEVATED","STARVED","LIGHT","Day",-0.714285714285714,NA,NA,NA,"Day",-0.00876699233947022,NA,NA,NA
"73","A4","APO","B72","PLS","PLASTIC","ELEVATED","STARVED","LIGHT","Day",2.87102621016462e-15,NA,NA,NA,"Day",1.79439138135289e-16,NA,NA,NA
"74","A5","APO","B73","PLS","PLASTIC","ELEVATED","STARVED","LIGHT","Day",-4.1,0.495489862743561,-8.2746395199652,0.0142926441139082,"Day",-0.00920917803508835,0.00103221908514124,-8.92172811727103,0.0123313486705098
"75","A5","APO","B74","PLS","PLASTIC","ELEVATED","STARVED","LIGHT","Day",-0.428571428571429,0.0903507902905255,-4.74341649025256,0.0416851525000903,"Day",-0.00326529224448451,0.000669002218337873,-4.88083918854124,0.0395061484545653
"76","A6","APO","B75","PLS","PLASTIC","ELEVATED","STARVED","LIGHT","Day",-0.228571428571428,0.313635691430002,-0.728780029878842,0.541921332548906,"Day",-0.00207686287790208,0.00289623861603244,-0.717089699172362,0.547756795547484
"77","A25","APO","B76","NDS","NOPLASTIC","ELEVATED","STARVED","DARK","Day",-2.55714285714286,0.205535636713402,-12.4413600387388,0.00639853254124642,"Day",-0.00965266638477176,0.000712185820731387,-13.5535784394849,0.00539962241110749
"78","A4","APO","B77","NDS","NOPLASTIC","ELEVATED","STARVED","DARK","Day",-1.37142857142857,0.0925820099772546,-14.8131215963609,0.00452637305879169,"Day",-0.00737459225580435,0.00037585834966355,-19.6206689632031,0.00258752294521911
"79","A5","APO","B79","NDS","NOPLASTIC","ELEVATED","STARVED","DARK","Day",-0.785714285714286,0.26147150311033,-3.00497100589485,0.0951940077417022,"Day",-0.00502854679418831,0.00165497163353988,-3.03844893306876,0.0933909070869208
"80","A25","APO","B8","NDF","NOPLASTIC","ELEVATED","FED","DARK","Day",-1.57142857142857,NA,NA,NA,"Day",-0.0200510510992746,NA,NA,NA
"81","A6","APO","B80","NDS","NOPLASTIC","ELEVATED","STARVED","DARK","Day",-0.728571428571429,0.173205080756888,-4.20640910409584,0.0521362989042558,"Day",-0.00363410831274896,0.00086687186637625,-4.19220931455588,0.0524627319411002
"82","A4","APO","B82","NLS","NOPLASTIC","ELEVATED","STARVED","LIGHT","Day",0.742857142857143,0.0989743318610787,7.50555349946513,0.0172923701760092,"Day",0.00562765048803543,0.000822739033090208,6.84014038679796,0.0207115286405563
"83","S19","SYM","B820","Control","NOPLASTIC","AMBIENT","FED","LIGHT","Day",-0.761904761904757,NA,NA,NA,"Day",-0.00196395040638326,NA,NA,NA
"84","A4","APO","B83","NLS","NOPLASTIC","ELEVATED","STARVED","LIGHT","Day",-0.614285714285713,0.599829907863344,-1.02409984269351,0.413484868055394,"Day",-0.00435339599192722,0.00421632759008542,-1.0325089545139,0.410338927371076
"85","A5","APO","B84","NLS","NOPLASTIC","ELEVATED","STARVED","LIGHT","Day",-0.214285714285715,0.541162769282166,-0.395972758011342,0.730374519307893,"Day",-0.00103016660673974,0.00274132882150703,-0.375790966285253,0.743187708054783
"86","A5","APO","B85","NLS","NOPLASTIC","ELEVATED","STARVED","LIGHT","Day",-1.37142857142857,0.121218305346265,-11.3137084989848,0.00772212328633236,"Day",-0.00990264688987121,0.0009163187672752,-10.8069890561317,0.00845387931061867
"87","A6","APO","B87","NLS","NOPLASTIC","ELEVATED","STARVED","LIGHT","Day",-0.614285714285714,0.113389341902768,-5.41749077979892,0.0324244052036194,"Day",-0.00295422189241799,0.000551336009073561,-5.35829665358177,0.0331093745174192
"88","A4","APO","B88","PDF","PLASTIC","ELEVATED","FED","DARK","Day",-0.785714285714288,0.123717914826347,-6.35085296108598,0.0994252840514106,"Day",-0.0108583005213306,0.00192706077193831,-5.63464353561041,0.111818869731967
"89","S19","SYM","B919","Control","NOPLASTIC","AMBIENT","FED","LIGHT","Day",-0.0476190476190442,NA,NA,NA,"Day",-0.000154356853531957,NA,NA,NA
"90","A5","APO","B92","PDF","PLASTIC","ELEVATED","FED","DARK","Day",-1.18571428571428,0.300679502569274,-3.94344900660831,0.0587003579745872,"Day",-0.00597322653417852,0.00152501148439521,-3.91684036172843,0.0594306811967436
"91","A5","APO","B93","PDF","PLASTIC","ELEVATED","FED","DARK","Day",-1.22857142857143,0.137023757808935,-8.96611980445419,0.0122117667902973,"Day",-0.00720928889621868,0.000688130932451513,-10.476623788056,0.00898816708435773
"92","A7","APO","B94","PDF","PLASTIC","ELEVATED","FED","DARK","Day",-0.642857142857142,0.165985000551747,-3.87298334620741,0.060663563372276,"Day",-0.0062516852326204,0.00164763294846298,-3.79434341759939,0.0629691678147007
"93","A21","APO","B9658","Control","NOPLASTIC","AMBIENT","FED","LIGHT","Day",-0.190476190476188,NA,NA,NA,"Day",-0.0010296411434841,NA,NA,NA
"94","A5","APO","B97","PLF","PLASTIC","ELEVATED","FED","LIGHT","Day",-0.642857142857145,0.12371791482635,-5.19615242270658,0.121037718323678,"Day",-0.00841307397545601,0.0014903491637094,-5.64503552611545,0.111617217872268
"95","S17","SYM","B9940","Control","NOPLASTIC","AMBIENT","FED","LIGHT","Day",-0.52380952380952,NA,NA,NA,"Day",-0.000789482323948079,NA,NA,NA
"96","A19","APO","G1899","Control","NOPLASTIC","AMBIENT","FED","LIGHT","Day",-2,NA,NA,NA,"Day",-0.013154922696579,NA,NA,NA
"97","A20","APO","G1991","Control","NOPLASTIC","AMBIENT","FED","LIGHT","Day",0.142857142857144,NA,NA,NA,"Day",0.00055264505334798,NA,NA,NA
"98","S23","SYM","G24","PDS","PLASTIC","ELEVATED","STARVED","DARK","Day",-0.942857142857144,0.503457433905889,-1.87276436766925,0.201976124878987,"Day",-0.00638242613109026,0.00338762831851814,-1.8840396675755,0.200241273257022
"99","S26","SYM","G25","PDS","PLASTIC","ELEVATED","STARVED","DARK","Day",-0.585714285714286,0.793725393319377,-0.73793063777992,0.537394531783914,"Day",-0.00163279195093953,0.00227334561015885,-0.718233049846494,0.547183481397313
"100","S27","SYM","G26","PDS","PLASTIC","ELEVATED","STARVED","DARK","Day",-1.62857142857143,1.00224238381659,-1.62492771695579,0.245677952520619,"Day",-0.00796957172171344,0.00494741533869962,-1.61085560360658,0.248514387783709
"101","S29","SYM","G27","PDS","PLASTIC","ELEVATED","STARVED","DARK","Day",-0.0714285714285714,0.253546276418555,-0.281718084909506,0.804633833708859,"Day",-0.000365816575026885,0.00134424747873844,-0.272134841844896,0.811038309349793
"102","S21","SYM","G28","PLS","PLASTIC","ELEVATED","STARVED","LIGHT","Day",-1.41428571428572,0.250305935256218,-5.65022844079995,0.0299244527095883,"Day",-0.00494070225527329,0.000822830042768104,-6.00452341124073,0.0266328938049733
"103","S24","SYM","G29","PLS","PLASTIC","ELEVATED","STARVED","LIGHT","Day",-0.0285714285714278,0.14142135623731,-0.202030508910436,0.858578643762695,"Day",-0.000155249909642003,0.000756040745542289,-0.205345955965173,0.856305372316748
"104","S26","SYM","G30","PLS","PLASTIC","ELEVATED","STARVED","LIGHT","Day",-1.4,0.21092604371762,-6.63739752249026,0.021954139531646,"Day",-0.0046760643420642,0.000746355360975084,-6.26519830440436,0.0245419863618686
"105","S27","SYM","G31","PLS","PLASTIC","ELEVATED","STARVED","LIGHT","Day",-0.985714285714286,0.0742307488958091,-13.2790561913614,0.00562328731563109,"Day",-0.00412536271257782,0.000319057523865481,-12.9298399316768,0.00592841061855563
"106","S29","SYM","G32","PLS","PLASTIC","ELEVATED","STARVED","LIGHT","Day",-1.65714285714286,3.41282096494608,-0.485563958427288,0.675262343645605,"Day",-0.0124485360473722,0.0235205897397607,-0.529261221130372,0.649497220518947
"107","S21","SYM","G33","NDS","NOPLASTIC","ELEVATED","STARVED","DARK","Day",-1.75714285714286,0.443317732833797,-3.96361960508722,0.0581554055442369,"Day",-0.00399872830801607,0.00104198437268821,-3.83760871355465,0.0616852589673399
"108","S24","SYM","G34","NDS","NOPLASTIC","ELEVATED","STARVED","DARK","Day",2,NA,NA,NA,"Day",0.0438186096317822,NA,NA,NA
"109","S26","SYM","G35","NDS","NOPLASTIC","ELEVATED","STARVED","DARK","Day",-1.08571428571429,0.121218305346265,-8.95668589502964,0.0122370346709308,"Day",-0.0066592708131599,0.000789666190988034,-8.43302003955342,0.013771760036222
"110","S28","SYM","G37","NDS","NOPLASTIC","ELEVATED","STARVED","DARK","Day",-0.842857142857143,0.0742307488958091,-11.3545552940626,0.00766730039548495,"Day",-0.00402386157746155,0.000361315300633522,-11.1367040654138,0.00796659270993383
"111","S29","SYM","G38","NDS","NOPLASTIC","ELEVATED","STARVED","DARK","Day",-0.5,0.253546276418555,-1.97202659436654,0.187363944627999,"Day",-0.00292876365518729,0.00147807098123288,-1.9814770010195,0.186047594155124
"112","S22","SYM","G39","NLS","NOPLASTIC","ELEVATED","STARVED","LIGHT","Day",-1.47142857142857,0.130149051130633,-11.3057187789381,0.00773291523027862,"Day",-0.0161654332018441,0.00120732098634101,-13.3895073346121,0.00553166124019368
"113","S21","SYM","G4","PDS","PLASTIC","ELEVATED","STARVED","DARK","Day",-0.614285714285713,0.203540097839642,-3.01800834727747,0.094485972443278,"Day",-0.00401529907716378,0.00130837955955439,-3.06890997176027,0.0917923297328992
"114","S24","SYM","G40","NLS","NOPLASTIC","ELEVATED","STARVED","LIGHT","Day",0.757142857142859,0.0685118789044683,11.0512639450248,0.00808875601848712,"Day",0.00223291093417582,0.000213207228350149,10.4729607502271,0.00899437102467263
"115","S27","SYM","G41","NLS","NOPLASTIC","ELEVATED","STARVED","LIGHT","Day",0.257142857142857,4.24956180213961,0.0605104406325819,0.957251770007254,"Day",-0.00467291928280018,0.0363065405989312,-0.128707368031031,0.909364729832544
"116","A23","APO","G4161","Control","NOPLASTIC","AMBIENT","FED","LIGHT","Day",-0.0476190476190461,NA,NA,NA,"Day",-0.000246093817068694,NA,NA,NA
"117","S28","SYM","G42","NLS","NOPLASTIC","ELEVATED","STARVED","LIGHT","Day",-0.114285714285713,0.075592894601845,-1.51185789203691,0.269703256659779,"Day",-0.000647067257015367,0.00042864756978022,-1.50955540783105,0.270222918809713
"118","S29","SYM","G43","NLS","NOPLASTIC","ELEVATED","STARVED","LIGHT","Day",0.0571428571428563,0.527218345349883,0.108385562920679,0.923583928009914,"Day",0.000351229347856246,0.00280938927645973,0.125019822208067,0.911941055640578
"119","S22","SYM","G44","PLF","PLASTIC","ELEVATED","FED","LIGHT","Day",-4.54285714285714,2.52772382888282,-1.79721261118346,0.214131779247678,"Day",-0.0148939021932233,0.00829456818693167,-1.79562116526923,0.214398114725598
"120","S25","SYM","G45","PLF","PLASTIC","ELEVATED","FED","LIGHT","Day",-0.685714285714286,0.277746029931765,-2.46885359939347,0.132278168725375,"Day",-0.00332574675677115,0.00136726088339036,-2.43241564003819,0.135495658407643
"121","S27","SYM","G46","PLF","PLASTIC","ELEVATED","FED","LIGHT","Day",-1.31428571428571,0.18516401995451,-7.09795409825622,0.019276704764192,"Day",-0.0087409596807037,0.00120721957102397,-7.24057155011957,0.0185455825053554
"122","S28","SYM","G47","PLF","PLASTIC","ELEVATED","FED","LIGHT","Day",-0.471428571428571,0.193253560835267,-2.43943019415009,0.134867866596424,"Day",-0.00149603793473381,0.000612067673180002,-2.44423615277888,0.134440074990505
"123","S29","SYM","G48","PLF","PLASTIC","ELEVATED","FED","LIGHT","Day",-1.02857142857143,0.318798765777448,-3.22639714762719,0.084120667633388,"Day",-0.0108282002101471,0.00316001623523398,-3.42662803102507,0.0756307861088177
"124","S22","SYM","G49","NDF","NOPLASTIC","ELEVATED","FED","DARK","Day",-3.14285714285715,3.38162300525352,-0.929393116256473,0.523286953856262,"Day",-0.00986788132005859,0.0101693423498938,-0.970355897219019,0.509577253666821
"125","S25","SYM","G50","NDF","NOPLASTIC","ELEVATED","FED","DARK","Day",-0.642857142857149,1.19593984332136,-0.53753300924552,0.686005589385924,"Day",-0.00182899649322664,0.00334084376615571,-0.547465437251277,0.681120207321399
"126","S27","SYM","G51","NDF","NOPLASTIC","ELEVATED","FED","DARK","Day",-1.57142857142857,NA,NA,NA,"Day",-0.0111111001489548,NA,NA,NA
"127","S28","SYM","G52","NDF","NOPLASTIC","ELEVATED","FED","DARK","Day",-1.92857142857143,0.783546793900205,-2.4613353581242,0.245678854997245,"Day",-0.0107644571820246,0.00448749838640245,-2.39876569418764,0.251448123875781
"128","S29","SYM","G53","NDF","NOPLASTIC","ELEVATED","FED","DARK","Day",-2.71428571428571,NA,NA,NA,"Day",-0.0194874079271253,NA,NA,NA
"129","S23","SYM","G54","NLF","NOPLASTIC","ELEVATED","FED","LIGHT","Day",-1.35714285714286,0.783546793900209,-1.73205080756888,0.333333333333333,"Day",-0.00527285087394782,0.00304428187147053,-1.73205080756888,0.333333333333333
"130","S25","SYM","G55","NLF","NOPLASTIC","ELEVATED","FED","LIGHT","Day",-6.85714285714287,3.38162300525353,-2.02776679910503,0.291670726922784,"Day",-0.023616019052771,0.0113112201858718,-2.08784009723976,0.284363752005018
"131","S27","SYM","G56","NLF","NOPLASTIC","ELEVATED","FED","LIGHT","Day",0.28571428571428,1.15470053837926,0.247435829652691,0.845579041688737,"Day",0.00125316497506479,0.00522346431336446,0.239910699084996,0.850101163551056
"132","S28","SYM","G57","NLF","NOPLASTIC","ELEVATED","FED","LIGHT","Day",0.142857142857137,0.742307488958094,0.192450089729866,0.878962281676329,"Day",0.00113381065402063,0.0061097248549015,0.185574748609347,0.883188269089597
"133","S29","SYM","G58","NLF","NOPLASTIC","ELEVATED","FED","LIGHT","Day",-0.928571428571432,1.5258542828583,-0.608558391848526,0.65196717566004,"Day",-0.00419340005905569,0.00715797622432159,-0.585835985988223,0.662629922352466
"134","M1","APO","G59","PDS","PLASTIC","ELEVATED","STARVED","DARK","Day",-0.485714285714285,0.121218305346265,-4.00693842672377,0.0570096664171104,"Day",-0.00863250565186421,0.00200239233544017,-4.31109603202043,0.0498187192603939
"135","A1","APO","G60","PDS","PLASTIC","ELEVATED","STARVED","DARK","Day",-1.17142857142857,0.19059520091609,-6.14615984976607,0.0254654884898668,"Day",-0.00731073828632953,0.00111656296770759,-6.54753784404938,0.0225405181531405
"136","A18","APO","G6166","Control","NOPLASTIC","AMBIENT","FED","LIGHT","Day",-0.904761904761903,NA,NA,NA,"Day",-0.010882590473766,NA,NA,NA
"137","A19","APO","G618","Control","NOPLASTIC","AMBIENT","FED","LIGHT","Day",-0.952380952380952,NA,NA,NA,"Day",-0.00607434407800092,NA,NA,NA
"138","A2","APO","G63","PDS","PLASTIC","ELEVATED","STARVED","DARK","Day",-1.8,0.670363897522861,-2.68510879934225,0.115217407107039,"Day",-0.0147260883650617,0.00510216978737457,-2.88624036022905,0.102004262955634
"139","A3","APO","G64","PDS","PLASTIC","ELEVATED","STARVED","DARK","Day",-1.95714285714286,0.971323523731976,-2.0149237708392,0.181487617638848,"Day",-0.0107941214446941,0.00526434970451358,-2.050418769756,0.176811917359349
"140","A1","APO","G65","PLS","PLASTIC","ELEVATED","STARVED","LIGHT","Day",-1.61428571428571,0.307391925590715,-5.25155535944395,0.0343996262523134,"Day",-0.00652635350400411,0.00118945932149849,-5.48682362317539,0.0316483797546851
"141","A18","APO","G6642","Control","NOPLASTIC","AMBIENT","FED","LIGHT","Day",-0.523809523809522,NA,NA,NA,"Day",-0.00389666753560153,NA,NA,NA
"142","A1","APO","G67","PLS","PLASTIC","ELEVATED","STARVED","LIGHT","Day",-2.27142857142857,0.715285015264002,-3.17555732743851,0.0864934915681492,"Day",-0.0081971773114498,0.00261184306876746,-3.13846471461935,0.0882856423883186
"143","A20","APO","G6775","Control","NOPLASTIC","AMBIENT","FED","LIGHT","Day",-1.61904761904762,NA,NA,NA,"Day",-0.00780128448370431,NA,NA,NA
"144","A20","APO","G681","Control","NOPLASTIC","AMBIENT","FED","LIGHT","Day",-0.476190476190474,NA,NA,NA,"Day",-0.00278553365150511,NA,NA,NA
"145","A18","APO","G6961","Control","NOPLASTIC","AMBIENT","FED","LIGHT","Day",-0.571428571428568,NA,NA,NA,"Day",-0.00336274129590252,NA,NA,NA
"146","A20","APO","G6991","Control","NOPLASTIC","AMBIENT","FED","LIGHT","Day",-1.9047619047619,NA,NA,NA,"Day",-0.00936715686885969,NA,NA,NA
"147","A2","APO","G70","PLS","PLASTIC","ELEVATED","STARVED","LIGHT","Day",-1.5,0.432128098921548,-3.47119292576325,0.0739098637335123,"Day",-0.00656112788499171,0.00192334128696436,-3.41131754902805,0.0762353559382275
"148","A2","APO","G71","PLS","PLASTIC","ELEVATED","STARVED","LIGHT","Day",-2.78571428571429,1.36089706308983,-2.04696913621776,0.177259131490588,"Day",-0.0143004166580054,0.00678336305678876,-2.10816029427964,0.169548234847837
"149","A3","APO","G73","PLS","PLASTIC","ELEVATED","STARVED","LIGHT","Day",-2.61428571428571,0.798340114722736,-3.27465157527961,0.0819539189008444,"Day",-0.0194647095680067,0.00590280672669551,-3.2975346253465,0.0809543398722227
"150","A23","APO","G7472","Control","NOPLASTIC","AMBIENT","FED","LIGHT","Day",-0.666666666666661,NA,NA,NA,"Day",-0.001494891067041,NA,NA,NA
"151","A1","APO","G75","NDS","NOPLASTIC","ELEVATED","STARVED","DARK","Day",-1.38571428571429,0.332890862792316,-4.16266843160188,0.0531514622673889,"Day",-0.00649757617690752,0.00157458652395738,-4.1265285064026,0.0540121298492445
"152","A2","APO","G76","NDS","NOPLASTIC","ELEVATED","STARVED","DARK","Day",-0.8,0.0494871659305394,-16.1658075373095,0.00380470624925193,"Day",-0.00973931694734758,0.00040270722379727,-24.1846094925045,0.00170533540386591
"153","A21","APO","G7673","Control","NOPLASTIC","AMBIENT","FED","LIGHT","Day",-0.428571428571426,NA,NA,NA,"Day",-0.00173179257956543,NA,NA,NA
"154","A2","APO","G77","NDS","NOPLASTIC","ELEVATED","STARVED","DARK","Day",-1.48571428571428,0.407080195679285,-3.6496845129867,0.0675551618429174,"Day",-0.00671698987619289,0.00177693062558128,-3.78010811423524,0.0634000893344898
"155","A3","APO","G78","NDS","NOPLASTIC","ELEVATED","STARVED","DARK","Day",-0.985714285714286,0.173205080756888,-5.69102408201204,0.0295157071795154,"Day",-0.00677926845409374,0.00119047544618535,-5.69458906172032,0.0294803809647873
"156","A1","APO","G79","NLS","NOPLASTIC","ELEVATED","STARVED","LIGHT","Day",-0.657142857142858,0.20303814862217,-3.23654870575935,0.0836580661769647,"Day",-0.00385430924871538,0.00120423259177037,-3.20063522201229,0.0853112189609569
"157","A1","APO","G80","NLS","NOPLASTIC","ELEVATED","STARVED","LIGHT","Day",-0.128571428571428,0.764919630298717,-0.168084885625458,0.881976728179077,"Day",-0.000548111066330494,0.00350251600377903,-0.156490667205834,0.890015699708773
"158","A18","APO","G8171","Control","NOPLASTIC","AMBIENT","FED","LIGHT","Day",-0.904761904761903,NA,NA,NA,"Day",-0.00734050856320271,NA,NA,NA
"159","A19","APO","G8180","Control","NOPLASTIC","AMBIENT","FED","LIGHT","Day",-1.66666666666666,NA,NA,NA,"Day",-0.011431143974406,NA,NA,NA
"160","A3","APO","G83","NLS","NOPLASTIC","ELEVATED","STARVED","LIGHT","Day",0.185714285714286,0.264575131106459,0.701934021302853,0.555409380763099,"Day",0.000949123915812474,0.00132913233794331,0.71409286247684,0.549262172432547
"161","A3","APO","G84","NLS","NOPLASTIC","ELEVATED","STARVED","LIGHT","Day",3.07142857142857,2.58389833628278,1.18868011496426,0.356572865467372,"Day",0.0132255828397702,0.0104257847845547,1.26854554482683,0.332271180802836
"162","A1","APO","G85","PDF","PLASTIC","ELEVATED","FED","DARK","Day",-1.38571428571429,0.248669931221846,-5.57250439932783,0.0307266825842059,"Day",-0.0255603409302986,0.00590663624112847,-4.32739377995202,0.0494715073596612
"163","A19","APO","G8677","Control","NOPLASTIC","AMBIENT","FED","LIGHT","Day",-3.28571428571428,NA,NA,NA,"Day",-0.0058800503224295,NA,NA,NA
"164","A1","APO","G87","PDF","PLASTIC","ELEVATED","FED","DARK","Day",-1.3,0.160991823851208,-8.07494423568667,0.0149922906578922,"Day",-0.00506038502849034,0.000580297265535545,-8.72033236934214,0.0128964112421789
"165","A2","APO","G88","PDF","PLASTIC","ELEVATED","FED","DARK","Day",-1.50000000000001,0.453632354363281,-3.3066424508133,0.186960543252679,"Day",-0.0111751554868242,0.00319153040034889,-3.50150369415329,0.177098846596592
"166","A22","APO","G8965","Control","NOPLASTIC","AMBIENT","FED","LIGHT","Day",-0.80952380952381,NA,NA,NA,"Day",-0.00349843580389868,NA,NA,NA
"167","A3","APO","G90","PDF","PLASTIC","ELEVATED","FED","DARK","Day",-0.585714285714285,0.147772577611266,-3.96361960508722,0.0581554055442369,"Day",-0.00573585882166641,0.00146222308700651,-3.92269748209828,0.0592687920358932
"168","A22","APO","G9116","Control","NOPLASTIC","AMBIENT","FED","LIGHT","Day",-0.666666666666664,NA,NA,NA,"Day",-0.00243361956826166,NA,NA,NA
"169","A3","APO","G92","PDF","PLASTIC","ELEVATED","FED","DARK","Day",-0.785714285714286,0.153197218496623,-5.12877644532174,0.0359774495756986,"Day",-0.00622222425889358,0.0012146949184317,-5.12245845806875,0.0360615068447724
"170","A1","APO","G93","PLF","PLASTIC","ELEVATED","FED","LIGHT","Day",-3.28571428571429,3.56399225817433,-0.92191959120512,0.453895807420205,"Day",-0.0267961124925092,0.0230947931644124,-1.16026639865302,0.365720621161079
"171","A2","APO","G95","PLF","PLASTIC","ELEVATED","FED","LIGHT","Day",-0.857142857142856,0.0451753951452621,-18.9736659610105,0.0027662570281995,"Day",-0.00543376760334406,0.000221756261495574,-24.5033333746588,0.00166136985743267
"172","A21","APO","G9669","Control","NOPLASTIC","AMBIENT","FED","LIGHT","Day",-1.42857142857143,NA,NA,NA,"Day",-0.00341910314551463,NA,NA,NA
"173","A3","APO","G97","PLF","PLASTIC","ELEVATED","FED","LIGHT","Day",-0.428571428571429,0.50709255283711,-0.845154254728516,0.487010823957423,"Day",-0.00253666591672846,0.00307929405249925,-0.823781643935441,0.49666530763231
"174","A3","APO","G98","PLF","PLASTIC","ELEVATED","FED","LIGHT","Day",-0.485714285714286,0.404565778814466,-1.20058173762896,0.352821060517151,"Day",-0.00235293754836319,0.00198396590145245,-1.18597680869445,0.357431566092616
"175","A21","APO","G9868","Control","NOPLASTIC","AMBIENT","FED","LIGHT","Day",-0.904761904761903,NA,NA,NA,"Day",-0.010882590473766,NA,NA,NA
"176","A21","APO","G9877","Control","NOPLASTIC","AMBIENT","FED","LIGHT","Day",0.238095238095238,NA,NA,NA,"Day",0.00170695865586363,NA,NA,NA
"177","A19","APO","O1618","Control","NOPLASTIC","AMBIENT","FED","LIGHT","Day",-4.57142857142856,NA,NA,NA,"Day",-0.00830254224498938,NA,NA,NA
"178","A21","APO","O1962","Control","NOPLASTIC","AMBIENT","FED","LIGHT","Day",0,NA,NA,NA,"Day",0,NA,NA,NA
"179","A13","APO","O26","NDF","NOPLASTIC","ELEVATED","FED","DARK","Day",-5.14285714285714,NA,NA,NA,"Day",-0.0268646045004199,NA,NA,NA
"180","A12","APO","O27","NLF","NOPLASTIC","ELEVATED","FED","LIGHT","Day",-1.35714285714287,2.92799065089025,-0.463506554138152,0.723688533627004,"Day",-0.00313840735938713,0.00704406504718379,-0.445539235990142,0.733168356556741
"181","A12","APO","O29","NLF","NOPLASTIC","ELEVATED","FED","LIGHT","Day",0.0714285714285656,1.36089706308984,0.0524863881081433,0.966616760012413,"Day",0.000400161110619205,0.0079994636919267,0.0500234923277494,0.968180579120746
"182","A13","APO","O30","NLF","NOPLASTIC","ELEVATED","FED","LIGHT","Day",-3.28571428571428,NA,NA,NA,"Day",-0.019765490481834,NA,NA,NA
"183","A25","APO","O31","NLF","NOPLASTIC","ELEVATED","FED","LIGHT","Day",-7.71428571428571,NA,NA,NA,"Day",-0.0251108374987601,NA,NA,NA
"184","S14","SYM","O33","Control","NOPLASTIC","AMBIENT","FED","LIGHT","Day",-0.476190476190476,NA,NA,NA,"Day",-0.00375147037395781,NA,NA,NA
"185","S14","SYM","O34","Control","NOPLASTIC","AMBIENT","FED","LIGHT","Day",-0.476190476190472,NA,NA,NA,"Day",-0.00177042872579776,NA,NA,NA
"186","S14","SYM","O35","Control","NOPLASTIC","AMBIENT","FED","LIGHT","Day",-0.666666666666664,NA,NA,NA,"Day",-0.0021648749560361,NA,NA,NA
"187","S15","SYM","O36","Control","NOPLASTIC","AMBIENT","FED","LIGHT","Day",-0.095238095238095,NA,NA,NA,"Day",-0.000924670755100031,NA,NA,NA
"188","S16","SYM","O37","Control","NOPLASTIC","AMBIENT","FED","LIGHT","Day",-0.190476190476189,NA,NA,NA,"Day",-0.00176387008001662,NA,NA,NA
"189","S14","SYM","O38","Control","NOPLASTIC","AMBIENT","FED","LIGHT","Day",1.91401747344308e-15,NA,NA,NA,"Day",5.98130460450962e-17,NA,NA,NA
"190","S15","SYM","O41","Control","NOPLASTIC","AMBIENT","FED","LIGHT","Day",0.0952380952380979,NA,NA,NA,"Day",0.000610508972812527,NA,NA,NA
"191","S16","SYM","O42","Control","NOPLASTIC","AMBIENT","FED","LIGHT","Day",-0.380952380952382,NA,NA,NA,"Day",-0.00397055280662153,NA,NA,NA
"192","S14","SYM","O43","Control","NOPLASTIC","AMBIENT","FED","LIGHT","Day",-0.19047619047619,NA,NA,NA,"Day",-0.00105824460879564,NA,NA,NA
"193","S30","SYM","O44","Control","NOPLASTIC","AMBIENT","FED","LIGHT","Day",1.91401747344308e-15,NA,NA,NA,"Day",5.98130460450962e-17,NA,NA,NA
"194","S15","SYM","O45","Control","NOPLASTIC","AMBIENT","FED","LIGHT","Day",-0.476190476190476,NA,NA,NA,"Day",-0.00244253782797859,NA,NA,NA
"195","S15","SYM","O46","Control","NOPLASTIC","AMBIENT","FED","LIGHT","Day",-0.333333333333334,NA,NA,NA,"Day",-0.00247887437885968,NA,NA,NA
"196","S16","SYM","O47","Control","NOPLASTIC","AMBIENT","FED","LIGHT","Day",-0.333333333333332,NA,NA,NA,"Day",-0.00570481903869624,NA,NA,NA
"197","S14","SYM","O48","Control","NOPLASTIC","AMBIENT","FED","LIGHT","Day",-0.333333333333328,NA,NA,NA,"Day",-0.00113577218200854,NA,NA,NA
"198","S14","SYM","O49","Control","NOPLASTIC","AMBIENT","FED","LIGHT","Day",0,NA,NA,NA,"Day",0,NA,NA,NA
"199","S30","SYM","O50","Control","NOPLASTIC","AMBIENT","FED","LIGHT","Day",-0.333333333333334,NA,NA,NA,"Day",-0.00202664830565686,NA,NA,NA
"200","S15","SYM","O51","Control","NOPLASTIC","AMBIENT","FED","LIGHT","Day",-0.428571428571426,NA,NA,NA,"Day",-0.00267092698338294,NA,NA,NA
"201","S16","SYM","O52","Control","NOPLASTIC","AMBIENT","FED","LIGHT","Day",-0.857142857142854,NA,NA,NA,"Day",-0.00350011723775839,NA,NA,NA
"202","S14","SYM","O53","Control","NOPLASTIC","AMBIENT","FED","LIGHT","Day",-0.0952380952380941,NA,NA,NA,"Day",-0.000414081284169135,NA,NA,NA
"203","S14","SYM","O54","Control","NOPLASTIC","AMBIENT","FED","LIGHT","Day",-12.6190476190476,NA,NA,NA,"Day",-0.0368346999529002,NA,NA,NA
"204","S15","SYM","O55","Control","NOPLASTIC","AMBIENT","FED","LIGHT","Day",-9.52380952380952,NA,NA,NA,"Day",-0.0815704091130924,NA,NA,NA
"205","S15","SYM","O56","Control","NOPLASTIC","AMBIENT","FED","LIGHT","Day",-0.19047619047619,NA,NA,NA,"Day",-0.000839123873800911,NA,NA,NA
"206","S16","SYM","O57","Control","NOPLASTIC","AMBIENT","FED","LIGHT","Day",-0.380952380952376,NA,NA,NA,"Day",-0.0011042592818528,NA,NA,NA
"207","S14","SYM","O58","Control","NOPLASTIC","AMBIENT","FED","LIGHT","Day",-0.238095238095236,NA,NA,NA,"Day",-0.000711807687422541,NA,NA,NA
"208","S14","SYM","O59","Control","NOPLASTIC","AMBIENT","FED","LIGHT","Day",-2.42857142857143,NA,NA,NA,"Day",-0.00649488690026439,NA,NA,NA
"209","S15","SYM","O60","Control","NOPLASTIC","AMBIENT","FED","LIGHT","Day",-0.0476190476190461,NA,NA,NA,"Day",-0.000241109616978364,NA,NA,NA
"210","S15","SYM","O62","Control","NOPLASTIC","AMBIENT","FED","LIGHT","Day",-0.666666666666666,NA,NA,NA,"Day",-0.00444767500420953,NA,NA,NA
"211","S16","SYM","O63","Control","NOPLASTIC","AMBIENT","FED","LIGHT","Day",-1.61904761904762,NA,NA,NA,"Day",-0.00453857999068211,NA,NA,NA
"212","S14","SYM","O64","Control","NOPLASTIC","AMBIENT","FED","LIGHT","Day",-0.19047619047619,NA,NA,NA,"Day",-0.00257462958429879,NA,NA,NA
"213","A19","APO","O646","Control","NOPLASTIC","AMBIENT","FED","LIGHT","Day",-0.809523809523808,NA,NA,NA,"Day",-0.00236405859472202,NA,NA,NA
"214","S16","SYM","O65","Control","NOPLASTIC","AMBIENT","FED","LIGHT","Day",-0.0952380952380941,NA,NA,NA,"Day",-0.000419553794388285,NA,NA,NA
"215","A24","APO","O6566","Control","NOPLASTIC","AMBIENT","FED","LIGHT","Day",-0.952380952380949,NA,NA,NA,"Day",-0.00379635589676376,NA,NA,NA
"216","A19","APO","O6661","Control","NOPLASTIC","AMBIENT","FED","LIGHT","Day",-2.57142857142857,NA,NA,NA,"Day",-0.0109907820980846,NA,NA,NA
"217","S16","SYM","O67","Control","NOPLASTIC","AMBIENT","FED","LIGHT","Day",-0.0952380952380922,NA,NA,NA,"Day",-0.000367716480662302,NA,NA,NA
"218","A20","APO","O6719","Control","NOPLASTIC","AMBIENT","FED","LIGHT","Day",0.47619047619048,NA,NA,NA,"Day",0.0019126686535874,NA,NA,NA
"219","A22","APO","O6968","Control","NOPLASTIC","AMBIENT","FED","LIGHT","Day",-1.23809523809523,NA,NA,NA,"Day",-0.00512102579067543,NA,NA,NA
"220","S14","SYM","O70","Control","NOPLASTIC","AMBIENT","FED","LIGHT","Day",-0.333333333333332,NA,NA,NA,"Day",-0.00196684791148737,NA,NA,NA
"221","A21","APO","O7096","NDF","NOPLASTIC","ELEVATED","FED","DARK","Day",-1.07142857142857,0.536110964247512,-1.99852016257947,0.295355765645421,"Day",-0.00600593694361024,0.00298660310954939,-2.0109591811536,0.29377796135558
"222","S14","SYM","O71","Control","NOPLASTIC","AMBIENT","FED","LIGHT","Day",-0.190476190476189,NA,NA,NA,"Day",-0.00204844690874719,NA,NA,NA
"223","S15","SYM","O72","Control","NOPLASTIC","AMBIENT","FED","LIGHT","Day",4.19047619047619,NA,NA,NA,"Day",0.0204553647470107,NA,NA,NA
"224","S14","SYM","O73","Control","NOPLASTIC","AMBIENT","FED","LIGHT","Day",-0.38095238095238,NA,NA,NA,"Day",-0.00522375796459158,NA,NA,NA
"225","A24","APO","O7398","NDF","NOPLASTIC","ELEVATED","FED","DARK","Day",-1.07142857142857,0.53611096424751,-1.99852016257947,0.295355765645421,"Day",-0.00875730872088099,0.00434192956803477,-2.01691634644472,0.293027863426495
"226","S15","SYM","O74","Control","NOPLASTIC","AMBIENT","FED","LIGHT","Day",0,NA,NA,NA,"Day",0,NA,NA,NA
"227","S30","SYM","O75","Control","NOPLASTIC","AMBIENT","FED","LIGHT","Day",-1.09523809523809,NA,NA,NA,"Day",-0.00518354309105148,NA,NA,NA
"228","M1","SYM","O76","Control","NOPLASTIC","AMBIENT","FED","LIGHT","Day",-0.285714285714285,NA,NA,NA,"Day",-0.00371245435570048,NA,NA,NA
"229","A20","APO","O7681","NDF","NOPLASTIC","ELEVATED","FED","DARK","Day",-5.35714285714287,1.11346123343713,-4.81125224324691,0.130461455509897,"Day",-0.0203133697539236,0.00492171017556567,-4.127299054457,0.151329854847675
"230","A14","APO","O77","Control","NOPLASTIC","AMBIENT","FED","LIGHT","Day",-0.857142857142856,NA,NA,NA,"Day",-0.00564570165355019,NA,NA,NA
"231","A15","APO","O78","Control","NOPLASTIC","AMBIENT","FED","LIGHT","Day",-0.857142857142855,NA,NA,NA,"Day",-0.00802965297313297,NA,NA,NA
"232","A16","APO","O79","Control","NOPLASTIC","AMBIENT","FED","LIGHT","Day",-1.52380952380952,NA,NA,NA,"Day",-0.00342576781279193,NA,NA,NA
"233","A16","APO","O80","Control","NOPLASTIC","AMBIENT","FED","LIGHT","Day",1.14285714285714,NA,NA,NA,"Day",0.00795495641253178,NA,NA,NA
"234","A16","APO","O82","Control","NOPLASTIC","AMBIENT","FED","LIGHT","Day",-0.380952380952379,NA,NA,NA,"Day",-0.00302444789153924,NA,NA,NA
"235","A14","APO","O83","Control","NOPLASTIC","AMBIENT","FED","LIGHT","Day",-0.476190476190476,NA,NA,NA,"Day",-0.00301487044830118,NA,NA,NA
"236","A15","APO","O84","Control","NOPLASTIC","AMBIENT","FED","LIGHT","Day",-1.04761904761904,NA,NA,NA,"Day",-0.00285540308416937,NA,NA,NA
"237","A16","APO","O85","Control","NOPLASTIC","AMBIENT","FED","LIGHT","Day",-0.857142857142856,NA,NA,NA,"Day",-0.0034577396649385,NA,NA,NA
"238","A16","APO","O87","Control","NOPLASTIC","AMBIENT","FED","LIGHT","Day",-0.619047619047618,NA,NA,NA,"Day",-0.00576561578824931,NA,NA,NA
"239","A16","APO","O88","Control","NOPLASTIC","AMBIENT","FED","LIGHT","Day",-0.571428571428568,NA,NA,NA,"Day",-0.0020053088261965,NA,NA,NA
"240","A14","APO","O89","Control","NOPLASTIC","AMBIENT","FED","LIGHT","Day",-0.999999999999998,NA,NA,NA,"Day",-0.00587253409676176,NA,NA,NA
"241","A18","APO","O916","Control","NOPLASTIC","AMBIENT","FED","LIGHT","Day",-2.52380952380952,NA,NA,NA,"Day",-0.00749337883130979,NA,NA,NA
"242","A22","APO","O9174","NDF","NOPLASTIC","ELEVATED","FED","DARK","Day",-2.57142857142858,0.659828879073862,-3.89711431702996,0.15990668218801,"Day",-0.0119324346187978,0.00282538670963319,-4.22329254190728,0.148014164353822
"243","A16","APO","O92","Control","NOPLASTIC","AMBIENT","FED","LIGHT","Day",-0.857142857142856,NA,NA,NA,"Day",-0.00635863774402489,NA,NA,NA
"244","A16","APO","O93","Control","NOPLASTIC","AMBIENT","FED","LIGHT","Day",-0.761904761904757,NA,NA,NA,"Day",-0.00236665088344158,NA,NA,NA
"245","A16","APO","O94","Control","NOPLASTIC","AMBIENT","FED","LIGHT","Day",-0.666666666666664,NA,NA,NA,"Day",-0.0027670300384419,NA,NA,NA
"246","A14","APO","O95","Control","NOPLASTIC","AMBIENT","FED","LIGHT","Day",-0.809523809523806,NA,NA,NA,"Day",-0.00436706792807136,NA,NA,NA
"247","A23","APO","O9659","Control","NOPLASTIC","AMBIENT","FED","LIGHT","Day",0.66666666666667,NA,NA,NA,"Day",0.00297715985625405,NA,NA,NA
"248","A25","APO","O97","Control","NOPLASTIC","AMBIENT","FED","LIGHT","Day",-0.0476190476190461,NA,NA,NA,"Day",-0.000212111921399059,NA,NA,NA
"249","A16","APO","O98","Control","NOPLASTIC","AMBIENT","FED","LIGHT","Day",-3.47619047619047,NA,NA,NA,"Day",-0.00830751525398762,NA,NA,NA
"250","A20","APO","O986","Control","NOPLASTIC","AMBIENT","FED","LIGHT","Day",-0.428571428571424,NA,NA,NA,"Day",-0.00142156967379429,NA,NA,NA
"251","A19","APO","O9975","NDF","NOPLASTIC","ELEVATED","FED","DARK","Day",-8.57142857142857,NA,NA,NA,"Day",-0.0454933901597907,NA,NA,NA
"252","A4","APO","W10","NLF","NOPLASTIC","ELEVATED","FED","LIGHT","Day",1.92857142857142,0.206196524710584,9.35307436087178,0.0678077045338487,"Day",0.0193064521242793,0.00132673482322431,14.551854512539,0.0436796888045587
"253","A5","APO","W11","NLF","NOPLASTIC","ELEVATED","FED","LIGHT","Day",-1.14285714285714,NA,NA,NA,"Day",-0.0152525679179577,NA,NA,NA
"254","A6","APO","W13","NLF","NOPLASTIC","ELEVATED","FED","LIGHT","Day",-0.0714285714285761,0.866025403784442,-0.0824786098842374,0.94761106717835,"Day",-0.000535047980654207,0.00675583190219014,-0.0791979416303642,0.949686044028247
"255","A8","APO","W14","NLF","NOPLASTIC","ELEVATED","FED","LIGHT","Day",-1.07142857142858,0.371153744479052,-2.88675134594811,0.212295615009658,"Day",-0.00526739101753939,0.00178826588804886,-2.94553010977945,0.208357995853579
"256","S30","SYM","W15","PDS","PLASTIC","ELEVATED","STARVED","DARK","Day",-0.828571428571428,0.47979587496419,-1.7269248691087,0.226322733657298,"Day",-0.00720146676464639,0.00417244310228398,-1.7259592493195,0.226496479087776
"257","S7","SYM","W17","PDS","PLASTIC","ELEVATED","STARVED","DARK","Day",-1.28571428571428,NA,NA,NA,"Day",-0.0193636417137461,NA,NA,NA
"258","A5","APO","W2","PLF","PLASTIC","ELEVATED","FED","LIGHT","Day",-0.728571428571428,0.610620293518929,-1.19316609078411,0.355153244460751,"Day",-0.00330573422043149,0.00282698776013235,-1.16934861446897,0.362767103781831
"259","S7","SYM","W20","PDS","PLASTIC","ELEVATED","STARVED","DARK","Day",-0.371428571428572,0.350509832753866,-1.05968088972099,0.400354714781224,"Day",-0.00228917424555028,0.0021909519809541,-1.04483086140181,0.405777190072526
"260","S7","SYM","W21","PDS","PLASTIC","ELEVATED","STARVED","DARK","Day",0.399999999999999,0.565685424949238,0.707106781186546,0.552786404500043,"Day",0.00235467983419374,0.00345165191521838,0.682189250837239,0.565527046466528
"261","S7","SYM","W22","PDS","PLASTIC","ELEVATED","STARVED","DARK","Day",-5.77142857142857,1.37038650886291,-4.21153341345827,0.0520192261301323,"Day",-0.0184444599593004,0.00446980053760451,-4.12646152868051,0.0540137437320161
"262","S7","SYM","W23","PLS","PLASTIC","ELEVATED","STARVED","LIGHT","Day",-0.3,0.074230748895809,-4.04145188432738,0.0561201925514611,"Day",-0.00244375864426668,0.0006012679117543,-4.06434236135537,0.0555413713150427
"263","S7","SYM","W24","PLS","PLASTIC","ELEVATED","STARVED","LIGHT","Day",-0.600000000000001,0.552914356581818,-1.08515901759048,0.391240412564929,"Day",-0.0023861373251235,0.00221260309497651,-1.07842989578247,0.393624613009699
"264","S7","SYM","W25","PLS","PLASTIC","ELEVATED","STARVED","LIGHT","Day",-0.857142857142857,0.53642809587196,-1.59787092387392,0.251169135551023,"Day",-0.00468851118887595,0.00292159179575641,-1.60477969430431,0.249752106729533
"265","S7","SYM","W26","PLS","PLASTIC","ELEVATED","STARVED","LIGHT","Day",-1.21428571428572,0.536110964247504,-2.26498951759011,0.264684547831299,"Day",-0.00543566739561771,0.00242417905474258,-2.24227141348472,0.267063786217178
"266","S7","SYM","W27","PLS","PLASTIC","ELEVATED","STARVED","LIGHT","Day",-0.157142857142856,0.315258235581627,-0.498457579872385,0.667581163131477,"Day",-0.000683776450065032,0.00134402503045232,-0.508752764697329,0.66149501492732
"267","S7","SYM","W28","NDS","NOPLASTIC","ELEVATED","STARVED","DARK","Day",-1.2,0.226778683805536,-5.29150262212918,0.0339082169207041,"Day",-0.00629241864257453,0.00112093680940897,-5.61353556218062,0.0302992748748865
"268","S7","SYM","W29","NDS","NOPLASTIC","ELEVATED","STARVED","DARK","Day",-1.67142857142857,0.222692246687426,-7.50555349946516,0.0172923701760091,"Day",-0.00623744630165994,0.000778534011443836,-8.01178395545268,0.0152242114760038
"269","A4","APO","W3","Control","NOPLASTIC","AMBIENT","FED","LIGHT","Day",-1.14285714285714,NA,NA,NA,"Day",-0.00702410176707571,NA,NA,NA
"270","S7","SYM","W30","NDS","NOPLASTIC","ELEVATED","STARVED","DARK","Day",-0.114285714285713,0.185164019954511,-0.617213399848362,0.600000000000003,"Day",-0.000834348563093736,0.0013401123596819,-0.622595976423783,0.597075957349523
"271","S7","SYM","W31","NDS","NOPLASTIC","ELEVATED","STARVED","DARK","Day",-1.15714285714286,0.116933611026749,-9.89572499286074,0.0100580504493159,"Day",-0.00613903239179395,0.000552973489192924,-11.1018566202043,0.00801608293458769
"272","S7","SYM","W32","NDS","NOPLASTIC","ELEVATED","STARVED","DARK","Day",-1.52857142857143,0.113389341902768,-13.4807328706624,0.00545765759202961,"Day",-0.00737132580585439,0.000433355820347241,-17.009869164669,0.00343837821856595
"273","S7","SYM","W33","NLS","NOPLASTIC","ELEVATED","STARVED","LIGHT","Day",-1.1,0.596417878432803,-1.84434444334642,0.206438548723747,"Day",-0.00734410824232027,0.00396049658085007,-1.85434025567167,0.204854227471032
"274","S7","SYM","W34","NLS","NOPLASTIC","ELEVATED","STARVED","LIGHT","Day",0.242857142857143,0.144984165215603,1.6750597728793,0.235906822541659,"Day",0.00217170083476521,0.00129455525005287,1.67756519829996,0.235431825606551
"275","S30","SYM","W35","NLS","NOPLASTIC","ELEVATED","STARVED","LIGHT","Day",0.0285714285714286,0.0606091526731326,0.471404520791032,0.683772233983162,"Day",0.000224976528116296,0.000477249340773313,0.471402491099839,0.683773459386373
"276","S7","SYM","W36","NLS","NOPLASTIC","ELEVATED","STARVED","LIGHT","Day",-0.2,0.0808122035641768,-2.47487373415291,0.131756857875541,"Day",-0.00161966962616553,0.000654467391051741,-2.47479041478704,0.13176405331677
"277","S7","SYM","W37","NLS","NOPLASTIC","ELEVATED","STARVED","LIGHT","Day",-5.6,1.92237098502907,-2.9130693521757,0.100406196104273,"Day",-0.0235391686277821,0.00845558029765241,-2.783861993992,0.108445497954261
"278","S7","SYM","W38","PDF","PLASTIC","ELEVATED","FED","DARK","Day",-3.77142857142857,0.933721979335325,-4.03913440498989,0.0561792829078872,"Day",-0.0172453785448751,0.00421699221091412,-4.08949736739894,0.0549152670403856
"279","S7","SYM","W39","PDF","PLASTIC","ELEVATED","FED","DARK","Day",1.55714285714286,4.66001226239956,0.334149948425467,0.770051916807351,"Day",0.00818904952068384,0.0259890236050893,0.315096467074669,0.782525795234547
"280","A5","APO","W4","Control","NOPLASTIC","AMBIENT","FED","LIGHT","Day",-0.666666666666668,NA,NA,NA,"Day",-0.00238998783446926,NA,NA,NA
"281","S7","SYM","W40","PDF","PLASTIC","ELEVATED","FED","DARK","Day",-0.642857142857143,0.253546276418555,-2.53546276418555,0.126666235390627,"Day",-0.00286783197917464,0.00113243108565211,-2.53245607217079,0.126912316029104
"282","S7","SYM","W41","PDF","PLASTIC","ELEVATED","FED","DARK","Day",-0.7,0.0377964473009227,-18.5202591774522,0.00290276374331241,"Day",-0.00628451235017925,0.000407465436298076,-15.4234243946569,0.00417744144545559
"283","S7","SYM","W42","PDF","PLASTIC","ELEVATED","FED","DARK","Day",-1.01428571428572,0.242015347801391,-4.1909974863168,0.0524907282117674,"Day",-0.00348911155842005,0.000828992124851009,-4.20885971509938,0.0520802629668843
"284","S7","SYM","W43","PLF","PLASTIC","ELEVATED","FED","LIGHT","Day",-0.914285714285715,0.529150262212918,-1.72783759089932,0.226158666549321,"Day",-0.00682076772398898,0.00394928195281507,-1.72709059658987,0.226292931597541
"285","S7","SYM","W44","PLF","PLASTIC","ELEVATED","FED","LIGHT","Day",-0.742857142857144,0.588668507943901,-1.26192777910235,0.334208224348941,"Day",-0.00479909020318079,0.00388032832325004,-1.23677426325647,0.341695167756659
"286","S7","SYM","W45","PLF","PLASTIC","ELEVATED","FED","LIGHT","Day",-1.05714285714286,0.692820323027551,-1.5258542828583,0.266571417747286,"Day",-0.0105513170043046,0.00703987788701441,-1.49879261737868,0.27266890894865
"287","S7","SYM","W46","PLF","PLASTIC","ELEVATED","FED","LIGHT","Day",-0.842857142857142,0.363374209770768,-2.31952934521372,0.146181965754942,"Day",-0.00481441446673797,0.00204386678240675,-2.3555422046973,0.142649736897435
"288","S8","SYM","W47","PLF","PLASTIC","ELEVATED","FED","LIGHT","Day",-1.14285714285714,0.824786098842323,-1.3856406460551,0.397972507160484,"Day",-0.0061152680516424,0.00445738735939591,-1.37194000847868,0.400979051216891
"289","S7","SYM","W48","NDF","NOPLASTIC","ELEVATED","FED","DARK","Day",-1.5,0.371153744479048,-4.04145188432736,0.154420958311267,"Day",-0.0162864100689559,0.00357852446023112,-4.55115236739336,0.137692947289449
"290","S7","SYM","W49","NDF","NOPLASTIC","ELEVATED","FED","DARK","Day",-1.07142857142857,0.206196524710579,-5.1961524227067,0.121037718323675,"Day",-0.0100770427328506,0.00211877098460743,-4.75607925823925,0.131932149991004
"291","A5","APO","W5","Control","NOPLASTIC","AMBIENT","FED","LIGHT","Day",-0.714285714285712,NA,NA,NA,"Day",-0.00354648061435622,NA,NA,NA
"292","S7","SYM","W50","NDF","NOPLASTIC","ELEVATED","FED","DARK","Day",-4.14285714285714,NA,NA,NA,"Day",-0.0182350800638945,NA,NA,NA
"293","S7","SYM","W51","NDF","NOPLASTIC","ELEVATED","FED","DARK","Day",-1.00000000000001,0.494871659305402,-2.02072594216368,0.2925500387965,"Day",-0.00340200349923259,0.00167726522549688,-2.028303840989,0.291603858870855
"294","S8","SYM","W52","NDF","NOPLASTIC","ELEVATED","FED","DARK","Day",-4.21428571428572,1.77329011251099,-2.37653482898986,0.253560209232549,"Day",-0.0234269723306995,0.010337592814657,-2.2661922123189,0.264559703298666
"295","S7","SYM","W53","NLF","NOPLASTIC","ELEVATED","FED","LIGHT","Day",-0.714285714285719,0.494871659305397,-1.44337567297407,0.38572226615498,"Day",-0.00351936064334176,0.00244951792160883,-1.43675643778522,0.387093193956681
"296","S7","SYM","W54","NLF","NOPLASTIC","ELEVATED","FED","LIGHT","Day",0.857142857142856,0.824786098842324,1.03923048454132,0.4877542916446,"Day",0.00556868153355077,0.00547490908571653,1.01712767214325,0.494594515334277
"297","S7","SYM","W55","NLF","NOPLASTIC","ELEVATED","FED","LIGHT","Day",-0.214285714285718,0.948504013668674,-0.225919670552466,0.858549691240017,"Day",-0.000755864952181311,0.00341428942635837,-0.221382799696482,0.861300360957173
"298","S7","SYM","W56","NLF","NOPLASTIC","ELEVATED","FED","LIGHT","Day",-3.57142857142857,0.164957219768462,-21.6506350946113,0.029383324820627,"Day",-0.0129755232583639,0.000935267165931183,-13.8736007539033,0.0458079126641451
"299","S8","SYM","W57","NLF","NOPLASTIC","ELEVATED","FED","LIGHT","Day",0.142857142857136,0.412393049421165,0.346410161513756,0.787704384990354,"Day",0.000566896399695391,0.00165228387182356,0.343098670490398,0.789588595658315
"300","A9","APO","W58","PDS","PLASTIC","ELEVATED","STARVED","DARK","Day",-0.257142857142856,0.321983647702418,-0.798620858474501,0.508277471762663,"Day",-0.0016808877065692,0.00214386273536841,-0.784046328544605,0.515126540167823
"301","A9","APO","W59","PDS","PLASTIC","ELEVATED","STARVED","DARK","Day",-1.14285714285714,0.331970001103493,-3.44265186329548,0.0750054198742395,"Day",-0.00532001306320645,0.0014874700323738,-3.57655142451269,0.0700595606397284
"302","A10","APO","W60","PDS","PLASTIC","ELEVATED","STARVED","DARK","Day",-0.985714285714284,0.281033079612942,-3.50746711764991,0.0725504856726611,"Day",-0.00290220125834634,0.00080940149415265,-3.58561391264122,0.0697420022361651
"303","A11","APO","W62","PDS","PLASTIC","ELEVATED","STARVED","DARK","Day",-2.21428571428572,0.784414509330992,-2.82285155099212,0.105926275046085,"Day",-0.0071700341600524,0.00244248960902497,-2.93554336262444,0.0990947724197744
"304","A11","APO","W63","PDS","PLASTIC","ELEVATED","STARVED","DARK","Day",-5.78571428571429,2.68055482123755,-2.15840177558583,0.276206240895296,"Day",-0.0343849251050616,0.0149630933798341,-2.29798239122149,0.26129952996584
"305","A9","APO","W64","PLS","PLASTIC","ELEVATED","STARVED","LIGHT","Day",-1.24285714285714,0.320395164171511,-3.87913826998908,0.0604883099484922,"Day",-0.00722792419330562,0.00187819647720627,-3.84833231295206,0.0613729147012958
"306","A9","APO","W65","PLS","PLASTIC","ELEVATED","STARVED","LIGHT","Day",-0.857142857142856,0.316227766016837,-2.71052370871575,0.113418813151687,"Day",-0.0040400062429602,0.00147428533509954,-2.74031501689422,0.111360500230571
"307","A10","APO","W67","PLS","PLASTIC","ELEVATED","STARVED","LIGHT","Day",-0.114285714285715,0.148461497791618,-0.769800358919507,0.52190855626624,"Day",-0.000723945798491015,0.000944471878209872,-0.766508580290568,0.523487968825365
"308","A5","APO","W7","Control","NOPLASTIC","AMBIENT","FED","LIGHT","Day",-0.857142857142854,NA,NA,NA,"Day",-0.00461189647571034,NA,NA,NA
"309","A11","APO","W70","PLS","PLASTIC","ELEVATED","STARVED","LIGHT","Day",-3.28571428571428,NA,NA,NA,"Day",-0.016163236585697,NA,NA,NA
"310","A11","APO","W71","PLS","PLASTIC","ELEVATED","STARVED","LIGHT","Day",-0.685714285714286,0.167819144635296,-4.08603134764199,0.0550009228502107,"Day",-0.0042845889771787,0.0010557166679363,-4.05846483939117,0.0556891606625435
"311","A9","APO","W72","NDS","NOPLASTIC","ELEVATED","STARVED","DARK","Day",3.87142857142857,2.8366047540347,1.36481071813829,0.305573207924325,"Day",0.0181291522525429,0.0143094108395328,1.26693911131947,0.332740148329905
"312","A10","APO","W73","NDS","NOPLASTIC","ELEVATED","STARVED","DARK","Day",-0.528571428571428,0.0247435829652694,-21.3619599600164,0.00218420355440166,"Day",-0.0039334716841797,0.000156367107491002,-25.1553651358938,0.00157656095133682
"313","A10","APO","W74","NDS","NOPLASTIC","ELEVATED","STARVED","DARK","Day",-5.1,2.92012719879509,-1.74649926280758,0.222838009381805,"Day",-0.0249025893377264,0.0142698485479144,-1.7451193861035,0.223081347773078
"314","A11","APO","W75","NDS","NOPLASTIC","ELEVATED","STARVED","DARK","Day",-1.4,0.47979587496419,-2.91790753745953,0.100121799510236,"Day",-0.0125821145774019,0.00401037341965916,-3.13739227268049,0.0883382457472581
"315","A11","APO","W76","NDS","NOPLASTIC","ELEVATED","STARVED","DARK","Day",3,2.31057904218923,1.29837583792743,0.323705693651792,"Day",0.0187160480297106,0.0157614024468673,1.18746082988513,0.356959869090394
"316","A9","APO","W77","NLS","NOPLASTIC","ELEVATED","STARVED","LIGHT","Day",-0.357142857142858,0.40783149781772,-0.875711805130075,0.473538356071673,"Day",-0.0046275113888714,0.00508318391061499,-0.910356868892343,0.458729424760913
"317","A10","APO","W78","NLS","NOPLASTIC","ELEVATED","STARVED","LIGHT","Day",0.0571428571428579,0.452205479752698,0.126364804721314,0.911001168102002,"Day",0.000233945698372752,0.00195045004060311,0.119944471020858,0.915489861517723
"318","A7","APO","W8","Control","NOPLASTIC","AMBIENT","FED","LIGHT","Day",0.619047619047624,NA,NA,NA,"Day",0.00234980352872177,NA,NA,NA
"319","A11","APO","W80","NLS","NOPLASTIC","ELEVATED","STARVED","LIGHT","Day",-2.48571428571429,1.06445348629698,-2.33520235286333,0.144630018235829,"Day",-0.0161486100997985,0.00655859070272821,-2.46220732955345,0.132857044315414
"320","A11","APO","W82","NLS","NOPLASTIC","ELEVATED","STARVED","LIGHT","Day",0.257142857142856,0.897615889851715,0.286473156335653,0.801465221197493,"Day",0.00178897436687502,0.00712508694699145,0.251081057702799,0.825192546396115
"321","A9","APO","W83","PDF","PLASTIC","ELEVATED","FED","DARK","Day",-0.828571428571429,0.0989743318610787,-8.37157890324957,0.0139704186688334,"Day",-0.00624987623250645,0.000804817712886367,-7.76557987285361,0.0161811898524285
"322","A10","APO","W84","PDF","PLASTIC","ELEVATED","FED","DARK","Day",-0.585714285714287,0.535857123814601,-1.0930418943482,0.388468251865332,"Day",-0.00193530953501464,0.00174852866876983,-1.10682173508554,0.383675886415588
"323","A11","APO","W85","PDF","PLASTIC","ELEVATED","FED","DARK","Day",2.44285714285714,2.07152709125319,1.17925425796836,0.359577511636314,"Day",0.0207126333123622,0.0161198197467862,1.28491717883457,0.327536841660917
"324","A11","APO","W87","PDF","PLASTIC","ELEVATED","FED","DARK","Day",-5.97142857142857,2.66565456984101,-2.24013592720857,0.154407302934506,"Day",-0.0493799448692402,0.0181379174687668,-2.72247047955045,0.112587004582705
"325","A9","APO","W92","PLF","PLASTIC","ELEVATED","FED","LIGHT","Day",-0.7,0.205535636713402,-3.40573542959889,0.0764575114042868,"Day",-0.00608856173182562,0.00172149267672507,-3.53679211892342,0.0714777545046446
"326","A10","APO","W93","PLF","PLASTIC","ELEVATED","FED","LIGHT","Day",-1.28571428571428,0.825610472959993,-1.55728921546346,0.259704188152302,"Day",-0.0046127427511014,0.00298007874738601,-1.54785934940394,0.261740328037028
"327","A11","APO","W94","PLF","PLASTIC","ELEVATED","FED","LIGHT","Day",-0.957142857142857,0.307391925590714,-3.11375406267916,0.0895091782600107,"Day",-0.0139568711146687,0.00410191531806168,-3.40252541372889,0.076585685133334
"328","A11","APO","W95","PLF","PLASTIC","ELEVATED","FED","LIGHT","Day",-1.37142857142857,0.424264068711928,-3.23248814256708,0.0838426650978108,"Day",-0.0106428826187335,0.00306898281452132,-3.46788602672364,0.0740356134288593
"329","A9","APO","W98","NDF","NOPLASTIC","ELEVATED","FED","DARK","Day",-1.28571428571428,NA,NA,NA,"Day",-0.00471864652521164,NA,NA,NA
"330","A10","APO","Y1","NDF","NOPLASTIC","ELEVATED","FED","DARK","Day",-1.00000000000001,0.577350269189629,-1.73205080756888,0.333333333333333,"Day",-0.004977137188428,0.00287355149553261,-1.73205080756888,0.333333333333333
"331","A11","APO","Y10","NLF","NOPLASTIC","ELEVATED","FED","LIGHT","Day",-2.71428571428571,NA,NA,NA,"Day",-0.0273626016998395,NA,NA,NA
"332","A11","APO","Y11","NLF","NOPLASTIC","ELEVATED","FED","LIGHT","Day",-2.21428571428572,2.92799065089025,-0.756247535699087,0.587796619593912,"Day",-0.0101510811654227,0.0144153965258629,-0.70418327704066,0.609415932423665
"333","A16","APO","Y113","Control","NOPLASTIC","AMBIENT","FED","LIGHT","Day",-0.999999999999998,NA,NA,NA,"Day",-0.0055773979636863,NA,NA,NA
"334","S9","SYM","Y12","PDS","PLASTIC","ELEVATED","STARVED","DARK","Day",-2.42857142857142,NA,NA,NA,"Day",-0.0124941864755122,NA,NA,NA
"335","A16","APO","Y128","Control","NOPLASTIC","AMBIENT","FED","LIGHT","Day",0.23809523809524,NA,NA,NA,"Day",0.000669758546066869,NA,NA,NA
"336","S10","SYM","Y13","PDS","PLASTIC","ELEVATED","STARVED","DARK","Day",-2.71428571428571,NA,NA,NA,"Day",-0.0172545055218059,NA,NA,NA
"337","A14","APO","Y137","Control","NOPLASTIC","AMBIENT","FED","LIGHT","Day",-1.04761904761904,NA,NA,NA,"Day",-0.00333773222954134,NA,NA,NA
"338","S11","SYM","Y14","PDS","PLASTIC","ELEVATED","STARVED","DARK","Day",-1.85714285714285,NA,NA,NA,"Day",-0.0135165680535498,NA,NA,NA
"339","S11","SYM","Y15","PDS","PLASTIC","ELEVATED","STARVED","DARK","Day",-1.11428571428571,0.729551161988783,-1.52735787747652,0.266237722660794,"Day",-0.00781119206666584,0.0051859247762498,-1.50622934263125,0.270975838976834
"340","A16","APO","Y156","Control","NOPLASTIC","AMBIENT","FED","LIGHT","Day",-0.0476190476190461,NA,NA,NA,"Day",-0.000258098450920874,NA,NA,NA
"341","A16","APO","Y164","Control","NOPLASTIC","AMBIENT","FED","LIGHT","Day",-0.714285714285709,NA,NA,NA,"Day",-0.00177482832367778,NA,NA,NA
"342","S12","SYM","Y17","PDS","PLASTIC","ELEVATED","STARVED","DARK","Day",-1.3,0.321666578548505,-4.04145188432738,0.056120192551461,"Day",-0.00625582515227972,0.00152675257000385,-4.09747150598472,0.0547189388233885
"343","A15","APO","Y1819","Control","NOPLASTIC","AMBIENT","FED","LIGHT","Day",-1.57142857142857,NA,NA,NA,"Day",-0.0067122798258426,NA,NA,NA
"344","A11","APO","Y2","NDF","NOPLASTIC","ELEVATED","FED","DARK","Day",-2.14285714285715,0.247435829652693,-8.66025403784455,0.073186395040326,"Day",-0.0152552928784329,0.00220583618964646,-6.91587750261633,0.0914183150680566
"345","S10","SYM","Y21","PLS","PLASTIC","ELEVATED","STARVED","LIGHT","Day",-0.857142857142862,0.247435829652694,-3.46410161513781,0.178912375022064,"Day",-0.00752575111841634,0.00225681682621145,-3.33467520757984,0.18547664866357
"346","A16","APO","Y210","Control","NOPLASTIC","AMBIENT","FED","LIGHT","Day",-1.28571428571428,NA,NA,NA,"Day",-0.00241047575459563,NA,NA,NA
"347","A16","APO","Y2129","Control","NOPLASTIC","AMBIENT","FED","LIGHT","Day",-0.76190476190476,NA,NA,NA,"Day",-0.00284377308102958,NA,NA,NA
"348","S11","SYM","Y22","PLS","PLASTIC","ELEVATED","STARVED","LIGHT","Day",-0.385714285714287,0.144984165215603,-2.6603890510436,0.117005580773566,"Day",-0.00251351687492181,0.00095517611170005,-2.63146957313262,0.119147499940549
"349","A15","APO","Y2223","Control","NOPLASTIC","AMBIENT","FED","LIGHT","Day",0.857142857142858,NA,NA,NA,"Day",0.00439872953004834,NA,NA,NA
"350","S11","SYM","Y23","PLS","PLASTIC","ELEVATED","STARVED","LIGHT","Day",-0.528571428571429,0.356570970695677,-1.48237369839776,0.276454448955737,"Day",-0.00333458201174801,0.00226942678863257,-1.46934989418946,0.279504397698818
"351","S12","SYM","Y24","PLS","PLASTIC","ELEVATED","STARVED","LIGHT","Day",-0.2,0.0202030508910441,-9.89949493661173,0.0100505063388333,"Day",-0.00204106935988536,0.000206238583181095,-9.89664168752134,0.010056215255683
"352","A17","APO","Y2437","Control","NOPLASTIC","AMBIENT","FED","LIGHT","Day",-1.09523809523809,NA,NA,NA,"Day",-0.00511090572526183,NA,NA,NA
"353","S9","SYM","Y25","NDS","NOPLASTIC","ELEVATED","STARVED","DARK","Day",-4.27142857142857,1.21781001165609,-3.50746711764991,0.0725504856726615,"Day",-0.0104585789470873,0.00303058555750499,-3.45100930121819,0.0746822061711929
"354","S10","SYM","Y26","NDS","NOPLASTIC","ELEVATED","STARVED","DARK","Day",-0.785714285714286,0.422577127364258,-1.85933936040274,0.204067934178336,"Day",-0.00492267408357416,0.0025763112130397,-1.91074512219588,0.19621083891395
"355","S11","SYM","Y27","NDS","NOPLASTIC","ELEVATED","STARVED","DARK","Day",-0.914285714285715,0.316872471611698,-2.88534283093578,0.102058346773898,"Day",-0.00641553798160176,0.00218548193306449,-2.93552551706793,0.099095804076293
"356","S11","SYM","Y28","NDS","NOPLASTIC","ELEVATED","STARVED","DARK","Day",-0.9,0.248669931221846,-3.61925543461498,0.0685811985972382,"Day",-0.00552076462638162,0.00150858921962272,-3.65955460543614,0.067227123312131
"357","A16","APO","Y2820","Control","NOPLASTIC","AMBIENT","FED","LIGHT","Day",-0.285714285714285,NA,NA,NA,"Day",-0.00277470991066543,NA,NA,NA
"358","S12","SYM","Y29","NDS","NOPLASTIC","ELEVATED","STARVED","DARK","Day",-0.7,0.133248272186983,-5.25335142070519,0.0343773073989927,"Day",-0.00512704156167581,0.000957945852596509,-5.35212042286,0.0331820700464471
"359","A11","APO","Y3","NDF","NOPLASTIC","ELEVATED","FED","DARK","Day",-2.50000000000001,1.11346123343714,-2.24525104684854,0.266749442820086,"Day",-0.0142925111341371,0.00618971249949144,-2.30907512025986,0.260179706980198
"360","S9","SYM","Y30","NLS","NOPLASTIC","ELEVATED","STARVED","LIGHT","Day",-2.85714285714287,1.15470053837925,-2.47435829652699,0.244509547944372,"Day",-0.00704299834318147,0.002896348013486,-2.43168234976867,0.248381371253033
"361","S10","SYM","Y31","NLS","NOPLASTIC","ELEVATED","STARVED","LIGHT","Day",-0.0571428571428564,0.613121820967856,-0.093199842492398,0.934240405077858,"Day",-0.000221970326213367,0.00262336275338618,-0.0846128984361209,0.940276445594804
"362","A17","APO","Y3130","Control","NOPLASTIC","AMBIENT","FED","LIGHT","Day",-1.9047619047619,NA,NA,NA,"Day",-0.00769720721697215,NA,NA,NA
"363","S11","SYM","Y32","NLS","NOPLASTIC","ELEVATED","STARVED","LIGHT","Day",-0.0142857142857151,0.242015347801391,-0.059028133610099,0.958297117188583,"Day",-6.71256691741666e-05,0.00123110427203112,-0.0545247634170097,0.961473793531867
"364","A16","APO","Y3225","Control","NOPLASTIC","AMBIENT","FED","LIGHT","Day",-0.523809523809523,NA,NA,NA,"Day",-0.00501716741227744,NA,NA,NA
"365","S12","SYM","Y33","NLS","NOPLASTIC","ELEVATED","STARVED","LIGHT","Day",-0.442857142857143,0.133248272186983,-3.32354885799716,0.0798391253469366,"Day",-0.00219141083357469,0.000657479284304824,-3.33304924715878,0.0794373513781839
"366","S12","SYM","Y34","NLS","NOPLASTIC","ELEVATED","STARVED","LIGHT","Day",-0.8,0.527218345349884,-1.51739788088953,0.26845807801757,"Day",-0.00285044028910621,0.00187546256426187,-1.51985986999856,0.267907054843499
"367","A16","APO","Y3433","Control","NOPLASTIC","AMBIENT","FED","LIGHT","Day",0.142857142857148,NA,NA,NA,"Day",0.000363044052888659,NA,NA,NA
"368","S9","SYM","Y35","PDF","PLASTIC","ELEVATED","FED","DARK","Day",-1,0.221313334068995,-4.51848057057532,0.0456517044888793,"Day",-0.00787953333660322,0.00175805657482542,-4.48195663861709,0.0463476359192332
"369","S10","SYM","Y36","PDF","PLASTIC","ELEVATED","FED","DARK","Day",-1.75714285714286,0.350800833080248,-5.00894721860851,0.0376223200333086,"Day",-0.0120531363626571,0.00250442408778217,-4.81273775534194,0.0405645059977577
"370","A15","APO","Y3635","Control","NOPLASTIC","AMBIENT","FED","LIGHT","Day",-0.857142857142856,NA,NA,NA,"Day",-0.00686902899259743,NA,NA,NA
"371","S11","SYM","Y37","PDF","PLASTIC","ELEVATED","FED","DARK","Day",-0.928571428571429,0.371153744479045,-2.50185116648838,0.129455610762847,"Day",-0.0052733734001921,0.0020890395405148,-2.52430521199833,0.127582789229594
"372","S12","SYM","Y38","PDF","PLASTIC","ELEVATED","FED","DARK","Day",-1.68571428571428,0.446757022031768,-3.77322392840737,0.0636100190232961,"Day",-0.0123162656482441,0.00293974013024306,-4.18957632395412,0.0525235884154595
"373","S13","SYM","Y39","PDF","PLASTIC","ELEVATED","FED","DARK","Day",-0.528571428571429,0.144984165215603,-3.6457183292079,0.0676876332439058,"Day",-0.00214849489725749,0.000598827664758793,-3.58783507125192,0.0696644882426287
"374","A11","APO","Y4","NDF","NOPLASTIC","ELEVATED","FED","DARK","Day",-9.57142857142857,NA,NA,NA,"Day",-0.0291490542772558,NA,NA,NA
"375","S9","SYM","Y40","PLF","PLASTIC","ELEVATED","FED","LIGHT","Day",-1.57142857142857,NA,NA,NA,"Day",-0.0159702008554449,NA,NA,NA
"376","S10","SYM","Y41","PLF","PLASTIC","ELEVATED","FED","LIGHT","Day",-0.828571428571427,0.748876709833208,-1.10641901088895,0.383814984836564,"Day",-0.002369094891491,0.00217908444454171,-1.08719737659788,0.390521436400449
"377","S19","SYM","Y4156","Control","NOPLASTIC","AMBIENT","FED","LIGHT","Day",-0.333333333333332,NA,NA,NA,"Day",-0.00217192910724053,NA,NA,NA
"378","S11","SYM","Y42","PLF","PLASTIC","ELEVATED","FED","LIGHT","Day",-0.685714285714286,0.277746029931765,-2.46885359939347,0.132278168725375,"Day",-0.0045413142162204,0.00181195777237084,-2.50630245663967,0.129081305065951
"379","S12","SYM","Y43","PLF","PLASTIC","ELEVATED","FED","LIGHT","Day",-0.957142857142858,0.429285120037621,-2.22962039089307,0.155544175580305,"Day",-0.00409562734745279,0.00181541430490162,-2.2560290157429,0.152710616069242
"380","A16","APO","Y4350","Control","NOPLASTIC","AMBIENT","FED","LIGHT","Day",0.095238095238096,NA,NA,NA,"Day",0.000384026658891924,NA,NA,NA
"381","S13","SYM","Y44","PLF","PLASTIC","ELEVATED","FED","LIGHT","Day",-0.414285714285714,0.346115469702449,-1.19695809794884,0.353958416936536,"Day",-0.00340696551135013,0.00290364779610494,-1.17333979552216,0.361477990111995
"382","A16","APO","Y4451","Control","NOPLASTIC","AMBIENT","FED","LIGHT","Day",-0.666666666666664,NA,NA,NA,"Day",-0.00399435638003341,NA,NA,NA
"383","S9","SYM","Y45","NDF","NOPLASTIC","ELEVATED","FED","DARK","Day",-2.57142857142857,NA,NA,NA,"Day",-0.0095984920696858,NA,NA,NA
"384","A17","APO","Y4542","Control","NOPLASTIC","AMBIENT","FED","LIGHT","Day",-1.99999999999999,NA,NA,NA,"Day",-0.00521353489722328,NA,NA,NA
"385","S10","SYM","Y46","NDF","NOPLASTIC","ELEVATED","FED","DARK","Day",-2.42857142857142,NA,NA,NA,"Day",-0.00824871352707381,NA,NA,NA
"386","S11","SYM","Y47","NDF","NOPLASTIC","ELEVATED","FED","DARK","Day",-3.14285714285714,NA,NA,NA,"Day",-0.0204429776629533,NA,NA,NA
"387","S17","SYM","Y4738","Control","NOPLASTIC","AMBIENT","FED","LIGHT","Day",-0.61904761904762,NA,NA,NA,"Day",-0.00240457923878722,NA,NA,NA
"388","S12","SYM","Y48","NDF","NOPLASTIC","ELEVATED","FED","DARK","Day",-0.928571428571434,0.123717914826351,-7.505553499465,0.0843232163219453,"Day",-0.0033834063444923,0.000428808745482826,-7.890245663443,0.0802565172385572
"389","A15","APO","Y4839","Control","NOPLASTIC","AMBIENT","FED","LIGHT","Day",-0.619047619047618,NA,NA,NA,"Day",-0.00444083302317054,NA,NA,NA
"390","S13","SYM","Y49","NDF","NOPLASTIC","ELEVATED","FED","DARK","Day",0.714285714285711,1.07222192849502,0.666173387526486,0.625883372129834,"Day",0.00486096166035815,0.00758918592512801,0.640511605370396,0.637332962439706
"391","S17","SYM","Y4940","Control","NOPLASTIC","AMBIENT","FED","LIGHT","Day",-0.047619047619047,NA,NA,NA,"Day",-0.000398488079548372,NA,NA,NA
"392","A9","APO","Y5","NLF","NOPLASTIC","ELEVATED","FED","LIGHT","Day",-1.14285714285715,0.0824786098842389,-13.85640646055,0.0458645589390331,"Day",-0.00376026667753037,0.000243189464396706,-15.4622926896059,0.0411151449957454
"393","S9","SYM","Y50","NLF","NOPLASTIC","ELEVATED","FED","LIGHT","Day",-1.99999999999999,NA,NA,NA,"Day",-0.00752053335506028,NA,NA,NA
"394","S11","SYM","Y51","NLF","NOPLASTIC","ELEVATED","FED","LIGHT","Day",-0.500000000000001,0.123717914826349,-4.04145188432736,0.154420958311267,"Day",-0.00502719976870003,0.00120180499444357,-4.18304116886086,0.149386954273986
"395","A14","APO","Y517","Control","NOPLASTIC","AMBIENT","FED","LIGHT","Day",-2.90476190476191,NA,NA,NA,"Day",-0.00690355332604119,NA,NA,NA
"396","S11","SYM","Y52","NLF","NOPLASTIC","ELEVATED","FED","LIGHT","Day",0.714285714285708,1.23717914826349,0.577350269189618,0.66666666666667,"Day",0.00394733419107494,0.00710368026839837,0.555674529530159,0.677113190791409
"397","S17","SYM","Y5281","Control","NOPLASTIC","AMBIENT","FED","LIGHT","Day",-0.476190476190474,NA,NA,NA,"Day",-0.00239342070385171,NA,NA,NA
"398","S12","SYM","Y53","NLF","NOPLASTIC","ELEVATED","FED","LIGHT","Day",-3.42857142857143,2.47435829652697,-1.3856406460551,0.397972507160484,"Day",-0.0113017146582069,0.0083116581427435,-1.35974248027439,0.403688938175277
"399","A15","APO","Y5354","Control","NOPLASTIC","AMBIENT","FED","LIGHT","Day",-0.33333333333333,NA,NA,NA,"Day",-0.00214398482733119,NA,NA,NA
"400","S13","SYM","Y54","NLF","NOPLASTIC","ELEVATED","FED","LIGHT","Day",-0.28571428571429,0.659828879073861,-0.433012701892224,0.739853061706992,"Day",-0.00123155760246481,0.00289121841099965,-0.425964914231087,0.743641077050786
"401","A12","APO","Y55","PDS","PLASTIC","ELEVATED","STARVED","DARK","Day",-2.42857142857142,NA,NA,NA,"Day",-0.0228520928132396,NA,NA,NA
"402","A25","APO","Y56","PDS","PLASTIC","ELEVATED","STARVED","DARK","Day",-1.82857142857143,0.868731188314902,-2.10487599981112,0.169950400217407,"Day",-0.00626063444608673,0.0029573178114565,-2.1169975109991,0.168472520595925
"403","A12","APO","Y57","PDS","PLASTIC","ELEVATED","STARVED","DARK","Day",6.92857142857143,5.15491311776452,1.34407142667345,0.4072171713526,"Day",0.029334789434951,0.0232150251587374,1.26361221813754,0.426193985050733
"404","S18","SYM","Y5755","Control","NOPLASTIC","AMBIENT","FED","LIGHT","Day",-0.666666666666664,NA,NA,NA,"Day",-0.00505524742039947,NA,NA,NA
"405","A13","APO","Y58","PDS","PLASTIC","ELEVATED","STARVED","DARK","Day",-1.25714285714286,0.395897327444315,-3.17542648054294,0.0864997216088603,"Day",-0.00640401075851399,0.00193285827428996,-3.31323348622988,0.0802786813874791
"406","A13","APO","Y59","PDS","PLASTIC","ELEVATED","STARVED","DARK","Day",-0.871428571428571,0.308716896928204,-2.82274336163476,0.105933150325794,"Day",-0.00562605361123778,0.00203736743130102,-2.76143297708706,0.10993323454773
"407","A12","APO","Y60","PLS","PLASTIC","ELEVATED","STARVED","LIGHT","Day",-1.1,0.419669452044811,-2.62111048264372,0.119928154467775,"Day",-0.00775252416410491,0.00299742401865632,-2.58639555693565,0.122597228807466
"408","S19","SYM","Y615","Control","NOPLASTIC","AMBIENT","FED","LIGHT","Day",-0.80952380952381,NA,NA,NA,"Day",-0.0032200089369037,NA,NA,NA
"409","S19","SYM","Y6172","Control","NOPLASTIC","AMBIENT","FED","LIGHT","Day",-0.238095238095236,NA,NA,NA,"Day",-0.000858024071556049,NA,NA,NA
"410","A12","APO","Y62","PLS","PLASTIC","ELEVATED","STARVED","LIGHT","Day",-0.285714285714276,NA,NA,NA,"Day",-0.000933710139969206,NA,NA,NA
"411","A12","APO","Y63","PLS","PLASTIC","ELEVATED","STARVED","LIGHT","Day",0.142857142857144,NA,NA,NA,"Day",0.000530082770933999,NA,NA,NA
"412","S18","SYM","Y6359","Control","NOPLASTIC","AMBIENT","FED","LIGHT","Day",-1.23809523809523,NA,NA,NA,"Day",-0.00656112868395487,NA,NA,NA
"413","A13","APO","Y64","PLS","PLASTIC","ELEVATED","STARVED","LIGHT","Day",-1.68571428571429,0.446757022031768,-3.77322392840737,0.0636100190232963,"Day",-0.0115299438984156,0.00302952550633931,-3.8058580045915,0.0626237085877913
"414","A13","APO","Y65","PLS","PLASTIC","ELEVATED","STARVED","LIGHT","Day",-0.357142857142857,0.342559394522337,-1.04257207028537,0.406609170903073,"Day",-0.00301036215728942,0.00294413314552509,-1.02249525021142,0.414088200423072
"415","S19","SYM","Y6599","Control","NOPLASTIC","AMBIENT","FED","LIGHT","Day",-0.14285714285714,NA,NA,NA,"Day",-0.000669131116935689,NA,NA,NA
"416","S17","SYM","Y6688","Control","NOPLASTIC","AMBIENT","FED","LIGHT","Day",-0.76190476190476,NA,NA,NA,"Day",-0.00309826634986002,NA,NA,NA
"417","A12","APO","Y67","NDS","NOPLASTIC","ELEVATED","STARVED","DARK","Day",-0.942857142857144,0.137023757808935,-6.88097566388345,0.0204739076273842,"Day",-0.00580093449677843,0.000769088651047643,-7.54260837014884,0.0171272110230779
"418","S19","SYM","Y6758","Control","NOPLASTIC","AMBIENT","FED","LIGHT","Day",-0.999999999999997,NA,NA,NA,"Day",-0.00335146651246662,NA,NA,NA
"419","S18","SYM","Y6806","Control","NOPLASTIC","AMBIENT","FED","LIGHT","Day",-2.19047619047618,NA,NA,NA,"Day",-0.0088580199369181,NA,NA,NA
"420","S18","SYM","Y6908","Control","NOPLASTIC","AMBIENT","FED","LIGHT","Day",-0.619047619047618,NA,NA,NA,"Day",-0.0024619702084233,NA,NA,NA
"421","A12","APO","Y70","NDS","NOPLASTIC","ELEVATED","STARVED","DARK","Day",-1.8,2.30713180006196,-0.780189497605494,0.516954108460352,"Day",-0.0110349559480663,0.0157228926355924,-0.701840062374158,0.555457131194076
"422","S17","SYM","Y7071","Control","NOPLASTIC","AMBIENT","FED","LIGHT","Day",0,NA,NA,NA,"Day",5.98130460450962e-17,NA,NA,NA
"423","A13","APO","Y71","NDS","NOPLASTIC","ELEVATED","STARVED","DARK","Day",-1.72857142857143,0.281033079612943,-6.15077567008172,0.0254287268771118,"Day",-0.00889694556956801,0.00136550289699601,-6.5155083809346,0.0227551502661583
"424","A13","APO","Y72","NDS","NOPLASTIC","ELEVATED","STARVED","DARK","Day",-1.87142857142857,0.340168025708304,-5.50148288491209,0.031487815602974,"Day",-0.0147291788421362,0.0021881769807957,-6.73125573086877,0.0213655105169138
"425","A13","APO","Y73","NDS","NOPLASTIC","ELEVATED","STARVED","DARK","Day",-1.7,0.400764575403014,-4.24189188450715,0.0513334496752209,"Day",-0.00682069969144611,0.00160842665372257,-4.24060349637962,0.0513622844646142
"426","S19","SYM","Y7364","Control","NOPLASTIC","AMBIENT","FED","LIGHT","Day",-1.71428571428571,NA,NA,NA,"Day",-0.00333006657472453,NA,NA,NA
"427","A12","APO","Y74","NLS","NOPLASTIC","ELEVATED","STARVED","LIGHT","Day",-0.228571428571429,0.350509832753866,-0.65211131675138,0.581260861927828,"Day",-0.00148899090567384,0.00223136717507699,-0.667299816141851,0.57326731912239
"428","S17","SYM","Y7409","Control","NOPLASTIC","AMBIENT","FED","LIGHT","Day",-0.714285714285712,NA,NA,NA,"Day",-0.00270123720956083,NA,NA,NA
"429","A12","APO","Y75","NLS","NOPLASTIC","ELEVATED","STARVED","LIGHT","Day",-2.41428571428571,0.737757219067163,-3.27246640478611,0.0820502973547421,"Day",-0.0148885504500843,0.00409715672893446,-3.63387378982603,0.0680854889480569
"430","A13","APO","Y76","NLS","NOPLASTIC","ELEVATED","STARVED","LIGHT","Day",1.35714285714286,0.165985000551746,8.17629817532679,0.0146309702460307,"Day",0.0076491658023936,0.0010695800549334,7.15155987353364,0.0189969554906954
"431","S17","SYM","Y7679","Control","NOPLASTIC","AMBIENT","FED","LIGHT","Day",-0.095238095238096,NA,NA,NA,"Day",-0.000732615182832266,NA,NA,NA
"432","A13","APO","Y77","NLS","NOPLASTIC","ELEVATED","STARVED","LIGHT","Day",-0.2,0.0494871659305394,-4.04145188432738,0.0561201925514611,"Day",-0.00197765550962163,0.000491706587633575,-4.02202362010128,0.0566183863907322
"433","A13","APO","Y78","NLS","NOPLASTIC","ELEVATED","STARVED","LIGHT","Day",-2.84285714285714,1.20432892652518,-2.36053214387165,0.142169656697245,"Day",-0.0103700136770825,0.00429288940942337,-2.41562562835165,0.137014939005491
"434","A12","APO","Y79","PDF","PLASTIC","ELEVATED","FED","DARK","Day",-1.02857142857143,0.141421356237309,-7.27309832077592,0.0183846103314187,"Day",-0.0230861456778138,0.00353871796262891,-6.52387274759333,0.0226988085344389
"435","A11","APO","Y8","NLF","NOPLASTIC","ELEVATED","FED","LIGHT","Day",-1.42857142857143,0.577350269189629,-2.47435829652696,0.244509547944375,"Day",-0.0104461071657248,0.0041054046571819,-2.54447686355366,0.23839142657691
"436","A13","APO","Y82","PDF","PLASTIC","ELEVATED","FED","DARK","Day",-1.6,0.668229460772943,-2.39438709893047,0.138970872506374,"Day",-0.015216661234341,0.00629257612289102,-2.41819263480757,0.13678112929979
"437","S19","SYM","Y8291","Control","NOPLASTIC","AMBIENT","FED","LIGHT","Day",-0.857142857142856,NA,NA,NA,"Day",-0.00292632281969823,NA,NA,NA
"438","A13","APO","Y83","PDF","PLASTIC","ELEVATED","FED","DARK","Day",-2.44285714285714,0.295199690282455,-8.27527000627864,0.0142905127668369,"Day",-0.0107644344106088,0.00107551205332536,-10.0086599469773,0.00983566542030962
"439","A13","APO","Y84","PDF","PLASTIC","ELEVATED","FED","DARK","Day",-1.44285714285714,0.590226521717531,-2.44458202023605,0.134409361259953,"Day",-0.00826477871224933,0.00327008515497384,-2.52738944723764,0.127328505225451
"440","S19","SYM","Y8483","Control","NOPLASTIC","AMBIENT","FED","LIGHT","Day",-0.952380952380949,NA,NA,NA,"Day",-0.00233473463049133,NA,NA,NA
"441","S18","SYM","Y8794","Control","NOPLASTIC","AMBIENT","FED","LIGHT","Day",-0.666666666666666,NA,NA,NA,"Day",-0.00903602548959394,NA,NA,NA
"442","A13","APO","Y88","PLF","PLASTIC","ELEVATED","FED","LIGHT","Day",-1.17142857142857,0.773014243341067,-1.51540360545687,0.268905474587971,"Day",-0.00714376855674766,0.00478414903170038,-1.49321614134763,0.27394724367504
"443","S19","SYM","Y8975","Control","NOPLASTIC","AMBIENT","FED","LIGHT","Day",-0.476190476190472,NA,NA,NA,"Day",-0.0013645359885893,NA,NA,NA
"444","A15","APO","Y914","Control","NOPLASTIC","AMBIENT","FED","LIGHT","Day",-0.428571428571428,NA,NA,NA,"Day",-0.00583820581392058,NA,NA,NA
"445","A13","APO","Y92","PLF","PLASTIC","ELEVATED","FED","LIGHT","Day",-3.3,1.67252711152182,-1.97306218671538,0.18721908648734,"Day",-0.0113524316841009,0.00565308624087288,-2.00818299958361,0.182394395563406
"446","S18","SYM","Y9278","Control","NOPLASTIC","AMBIENT","FED","LIGHT","Day",-1.61904761904762,NA,NA,NA,"Day",-0.00638374665450328,NA,NA,NA
"447","A13","APO","Y93","PLF","PLASTIC","ELEVATED","FED","LIGHT","Day",-1.54285714285714,0.666700679404459,-2.31416764751961,0.146718166348041,"Day",-0.00590590685686764,0.00262755565211112,-2.24768097761222,0.153598606491385
"448","S20","SYM","Y9398","Control","NOPLASTIC","AMBIENT","FED","LIGHT","Day",-0.285714285714285,NA,NA,NA,"Day",-0.00277470991066543,NA,NA,NA
"449","A13","APO","Y95","NDF","NOPLASTIC","ELEVATED","FED","DARK","Day",-4.71428571428571,NA,NA,NA,"Day",-0.029662766396892,NA,NA,NA
"450","S17","SYM","Y9597","Control","NOPLASTIC","AMBIENT","FED","LIGHT","Day",-0.285714285714282,NA,NA,NA,"Day",-0.0015118427768847,NA,NA,NA
"451","S18","SYM","Y9885","Control","NOPLASTIC","AMBIENT","FED","LIGHT","Day",-0.619047619047618,NA,NA,NA,"Day",-0.00635863774402483,NA,NA,NA
